Sun May 03 04:34:51 +0000 2015, @musty74, Floyd getting cocky, thinks it won - hopefully leaves himself open for Manny to smack him upside his head #MayPac 
Sun May 03 04:34:51 +0000 2015, @__misnomer__, Pac is going for the KO, Floyd is going for the high score. Too many misses from Manny. 
Sun May 03 04:34:51 +0000 2015, @Xeven07, Manny tiene q cambiar la estrategia #PacquiaoMayweather 
Sun May 03 04:34:51 +0000 2015, @Smugsy2, I think Manny nicked that round 
Sun May 03 04:34:51 +0000 2015, @tylersantos6, Manny needs the knockout 
Sun May 03 04:34:51 +0000 2015, @aketzalli162, Hahha vamos manny  #la pelea del siglo 
Sun May 03 04:34:51 +0000 2015, @magicbotian, Go Manny https://t.co/J7U09rcPLu 
Sun May 03 04:34:51 +0000 2015, @time_taken_up, If you think it's close, then Manny is paying $5 live. 
Sun May 03 04:34:51 +0000 2015, @jusdanie, VAMOS MANNY SI SE PUEDE #LaPeleaDelSigloEnTD 
Sun May 03 04:34:51 +0000 2015, @laurenth0mpsn, Wonder how well mayweather would do if manny made all the decisions 
Sun May 03 04:34:51 +0000 2015, @25Lyds, @warfreakchick dh nkk update mttulog ko lm n snu nnalo c manny.. 
Sun May 03 04:35:01 +0000 2015, @CYBELBARRACA, This Is Pancit ..
Manny For The Win :)

#Pacman
#BattleForGreatness 
Sun May 03 04:35:01 +0000 2015, @Drinkmaaan, Manny needs a KO, IMO 
Sun May 03 04:35:01 +0000 2015, @sofia_jera, Go Manny Pacquiao!! #temmannypacquiao #PacWins @MannyPacquiao 
Sun May 03 04:35:01 +0000 2015, @CMRNchance, MAYWEATHER IS MANNY AF AWWWEEE PUSUAN NATIN YAN  #TeamPacquiao 
Sun May 03 04:35:01 +0000 2015, @aristennn, Dude he's just scoring on Manny... Something needs to happen! 
Sun May 03 04:35:01 +0000 2015, @FonchoSong, Si Manny gana nos tiramos a Calle 50? 
Sun May 03 04:35:01 +0000 2015, @jeremy10rod, Only way anyone will beat mayweather is by knock bc bullshit unanimous decisions. I hope manny gets it
#TeamPacquiao 
Sun May 03 04:35:01 +0000 2015, @AOldland, Mayweather's something else, Manny is gonna have to pull something out the bag. Come on Manny 
Sun May 03 04:35:01 +0000 2015, @harrydecosemo, Floyd showing he's the best. Boring, maybe, but he's completely stifling Manny. Brilliant stuff. #MayPac 
Sun May 03 04:35:01 +0000 2015, @BeautyArabian, Round 9: Round started off as Manny's. Halfway through Mayweather started countering and connecting. Probably Floyd's round. 
Sun May 03 04:35:01 +0000 2015, @printedclouds, uy manny please give him your best shot 
Sun May 03 04:35:01 +0000 2015, @arraxdenielle, Mas ako pa yung kinakabahan kesa kay Manny eh!  #IsangBayanParaKayPacman 
Sun May 03 04:35:01 +0000 2015, @jalecxagriffin, utang na loob manny pls. manalo ka! kaya mo yan! para mabawasan pagkahangin ni Mayweather
#OneForPacman 
Sun May 03 04:35:01 +0000 2015, @DeniPajkanovic, All I hear is what a fucking hit by manny 
Sun May 03 04:35:01 +0000 2015, @Jdelossantos_, @josephwibowo_ http://t.co/h3DfTrp1MO 
Sun May 03 04:35:02 +0000 2015, @Idkimdreaa, Mayweather stays hugging Manny lmaoo 
Sun May 03 04:35:02 +0000 2015, @TAEHYUNGFORLIFE, Yes https://t.co/bGwPvRxNeP 
Sun May 03 04:35:02 +0000 2015, @BIEhive_RYREN, Even against Mayweather, the chants are still for Manny.. 
Sun May 03 04:35:02 +0000 2015, @zoiexcjarene, @itschescaaaaa: Sa kanils intense na yung mga nagaganap. Saken ayun papasok pa lang si manny  
Sun May 03 04:35:02 +0000 2015, @JJ_Blue_, Floyd dancing around, waiting for Manny to expose himself 
Sun May 03 04:35:02 +0000 2015, @GallantImp, Manny dont let it be mayweather's game #Pacman 
Sun May 03 04:35:02 +0000 2015, @teqnov1, Manny has more clear rounds, all but one of mayweathers points were purely from defence. 
Sun May 03 04:35:10 +0000 2015, @IanTheOfficial, Manny needs to knock him out. Stats arent looking good 
Sun May 03 04:35:10 +0000 2015, @mercerboy, In the very limited amount I've seen, Manny isn't getting anywhere. Probably 7 rounds to 2 for Floyd. #PacquiaoMayweather 
Sun May 03 04:35:11 +0000 2015, @nickstennet, Manny has to go hard this last 3 rounds or he's gonna lose. 
Sun May 03 04:35:10 +0000 2015, @Joeseus, Only way Manny can win is with a K.O 
Sun May 03 04:35:10 +0000 2015, @GeloPoge, Go manny :D 
Sun May 03 04:35:11 +0000 2015, @NingSoeci, Arogan   #Arogan Jelang Tanding, Manny Pacquiao Ungkap Sisi Gelap Hidupnya : Sang Pac-Ma... http://t.co/5vknLfiKbb Arogansi   #Arogansi 
Sun May 03 04:35:11 +0000 2015, @mshouf_23, Floyd's reach is a problem for pacquiao, manny has to pick it up 
Sun May 03 04:35:10 +0000 2015, @fabri_rivero, - https://t.co/yNwxC8VAvf 
Sun May 03 04:35:11 +0000 2015, @realmattskeel, Floyd is scared of Manny. 
Sun May 03 04:35:11 +0000 2015, @swiftxscript, TAKEN NA SI MANNY, MAYWEATHER STOP NA 
Sun May 03 04:35:11 +0000 2015, @fearlessoptmist, Mas mukha pang hometown fighter si Manny :) Undeniably, Vegas loves Manny :D 
Sun May 03 04:35:11 +0000 2015, @sagomiscoleen22, Manny! Manny! Manny! 
Sun May 03 04:35:11 +0000 2015, @traycommonz, U niggas lying for manny now. Just bc u hate floyd get a life 
Sun May 03 04:35:11 +0000 2015, @lucanialuke, Happy si Manny NAKS! #BestFandomCA2015 Directioners 
Sun May 03 04:35:11 +0000 2015, @MatthewDuke011, Come on Manny. Knock him out. 
Sun May 03 04:35:11 +0000 2015, @krisstalynP, @keytoledoooo go manny 
Sun May 03 04:35:11 +0000 2015, @Shangzarate, Kaya mo yan Manny 
Sun May 03 04:35:11 +0000 2015, @godecejasmine, KASUNGOT NI MAYWEATHER OIE GRABEEEEEH! STOP FREAKING HUGGING MANNY! #TeamPacquiao #MayweatherPacquiao 
Sun May 03 04:35:11 +0000 2015, @voziedwards, May u take that! https://t.co/v3idQWesJO 
Sun May 03 04:35:11 +0000 2015, @StaceyBadacey, KO mo na yan Manny para tumahimik na 
Sun May 03 04:35:11 +0000 2015, @Chascaperez, en este 9no Round sigue la pelea muy pareja. Manny impact un poco ms, tiene leve superioridad mnima sobre Floyd (o empate?? segn jueces) 
Sun May 03 04:35:11 +0000 2015, @yeeitsericaaa, Round 10 is my bet! C'mon finish him Manny! #PacWins 
Sun May 03 04:35:11 +0000 2015, @threeesiagoco, @redgejayne baka interesado  support lang ako kay manny  
Sun May 03 04:35:23 +0000 2015, @j4tner40, @Alex5132 I like manny. Don't like Floyd. Lol 
Sun May 03 04:35:23 +0000 2015, @DGotGame22, Manny getting frustrated 
Sun May 03 04:35:23 +0000 2015, @cantGECKenough, Kabadtrip round 10 na. Go Manny!!!!!!!!! 
Sun May 03 04:35:23 +0000 2015, @caleb5434, @MattHDGamer if manny was hugging the whole time he would be good too 
Sun May 03 04:35:23 +0000 2015, @Nicolengsss, LAMANG NG 2ROUNDS SI PACMAN!!!
WOOOOO! GO MANNY
#PacquiaoMayweather 
#TeamPacquiao 
Sun May 03 04:35:23 +0000 2015, @TopsideLil, Manny will still beat him in a spelling bee #MayPac 
Sun May 03 04:35:23 +0000 2015, @Barahona178, He has to knock him out. That's the only way manny is winning. 
Sun May 03 04:35:23 +0000 2015, @chrishters, Manny may not be connecting, but he's thrown a lot of punches. 
Sun May 03 04:35:23 +0000 2015, @milyqs, No trates como Manny Pacquiao a quien te trata como Kina Malpartida. 
Sun May 03 04:35:23 +0000 2015, @mynjhsavior, NAKAKALSS YUNG KANTA NI MANNY PUTA 
Sun May 03 04:35:23 +0000 2015, @nadineloosetred, Let's get it on! Go Manny! #GodBlessPacquioa #TeamPacquiao #TeamPacman 
Sun May 03 04:35:23 +0000 2015, @JamieSteckler, Go manny!:) 
Sun May 03 04:35:23 +0000 2015, @joshann0830, Round 9 
Knock him out manny!!! 
Sun May 03 04:35:23 +0000 2015, @rempathy_, 5-4 manny needs a KO 
Sun May 03 04:35:23 +0000 2015, @EmiiiCAB, MANNY PACQUIAO TE AMO 
Sun May 03 04:35:34 +0000 2015, @TranceThePrince, manny is getting tired of the hugs 
Sun May 03 04:35:34 +0000 2015, @gvegap, Round 7:

Floyd - 10
Pacquiao - 9

Floyd Mayweather
10/9/9/9/10/9/10 -66
Manny Pacquiao
9/10/10/10/9/10/9 -67 
Sun May 03 04:35:34 +0000 2015, @delreyanne, Round 10 na, manny i-knockout mo na!!! 
Sun May 03 04:35:34 +0000 2015, @ChrisDDow, @MrSpenster yep. Manny ain't landing anything 
Sun May 03 04:35:34 +0000 2015, @ayvzzzz05, Manny badly needs to knock out mayweather. shit almost all rounds kay gay weather napupunta  
Sun May 03 04:35:34 +0000 2015, @astigdotph, Round 9: Manny unable to break through Mayweather's defense. Shots landed by Mayweather. 1-0 Mayweather  #MayweatherPacquiao #MayPac #Marri 
Sun May 03 04:35:34 +0000 2015, @kmbrlybaluyot, Puta nakakatawa mga tweets hahahahaha go manny 
Sun May 03 04:35:34 +0000 2015, @firetiger519, All this money put into it and not a single knockdown from either fighter. Manny isnt fast enough but geez 
Sun May 03 04:35:34 +0000 2015, @ariff_syamin, Manny is looking to get a KO. I hope he gets it before he wears out. 
Sun May 03 04:35:34 +0000 2015, @Gallarelli, 5-4 to Money as I have it. Come on Manny. 
Sun May 03 04:35:34 +0000 2015, @cookiepundit, That's it guys, either Manny KOs Mayweather, or he's done. 
Sun May 03 04:35:34 +0000 2015, @KirkADeBoss, Only way manny winning is by knockout 
Sun May 03 04:35:35 +0000 2015, @queenbspice, "@AJIsTheReal: Round 9 to Floyd, 10-9. Manny output isn't there. 

87-84

#MayPac" %==%_ 
Sun May 03 04:35:35 +0000 2015, @JonahFatima, #OneForPacman.

Yakaaap paaaa! &gt;.&lt;
Go Manny! 
Sun May 03 04:35:34 +0000 2015, @Alanodunne, @slawlor6 Masterclass by Floyd in stopping Manny . Not exciting to watch but he has been incredible 
Sun May 03 04:35:35 +0000 2015, @Nick_MCMXCVI, Hug me like Floyd hugs manny 
Sun May 03 04:35:35 +0000 2015, @NinyaCelesthine, Go Manny! GOD is with you. #OneForPacman 
Sun May 03 04:35:34 +0000 2015, @TmarTn, Manny needs to go for the knockout 
Sun May 03 04:35:35 +0000 2015, @Theldycamara_, Watching for  manny!!  
Sun May 03 04:35:35 +0000 2015, @pinkinspirit7, TARAGIS! HINIHINTAY KO YUNG SELFIE NI MANNY! #PacquiaoMayweather 
Sun May 03 04:35:35 +0000 2015, @that_dude_wil, Manny is not throwing enough punches to win this fight.. Floyd is too good of a defender to not be aggressive 
Sun May 03 04:35:35 +0000 2015, @praisingshai, Mayweather either hits manny's d or hugs him 
Sun May 03 04:35:35 +0000 2015, @IamBEYS, GOOOOOOOOOOO MANNY!!!!! 
Sun May 03 04:35:35 +0000 2015, @CecWilkinson, Manny a la obra 
Sun May 03 04:35:48 +0000 2015, @BacheEighteen, Go manny! #PacquiaoMayweather http://t.co/EpIGkSkiKg 
Sun May 03 04:35:48 +0000 2015, @robbsalamanca, He's smiling as always, he looks confident. -announcer to Manny Pacquiao 
Sun May 03 04:35:48 +0000 2015, @dauntlesstark, MANNY KAYA MO YAN SHET SHET 
Sun May 03 04:35:48 +0000 2015, @jasminclaary, Manny talunin mo na!! 
Sun May 03 04:35:48 +0000 2015, @Ximgh, Yo gritndole a la tele "Dale Manny, pgaleeeee" seguro me oye en mi momento de terapia  
Sun May 03 04:35:48 +0000 2015, @valthygal, Cmon Manny, knock his fucking block off already ...fuck Mayweather! 
Sun May 03 04:35:48 +0000 2015, @MitchellMacken6, Manny too win by arm bar round 11 
Sun May 03 04:35:48 +0000 2015, @Loms2009, LIVE! Floyd Mayweather vs. Manny Pacquiao in the fight of the century http://t.co/upaL3y2MOZ 
Sun May 03 04:35:48 +0000 2015, @sashalmeda, CMON MANNY DO IT FOR THE PHILIPPINES 
Sun May 03 04:35:48 +0000 2015, @Lyka__G6, @LEWISdotSymbol Oo! Haha yung iba palabas palang si manny dito round 9 na hahahaahahah 
Sun May 03 04:35:48 +0000 2015, @dengruby_, Yung mga tweets ko tungkol palang sa pagiging all smile ni manny 
Sun May 03 04:35:48 +0000 2015, @Dadadafuq, Manny knock him down!!! 
Sun May 03 04:35:49 +0000 2015, @paolatbh, would be ideal if manny knocked mayweather out 
Sun May 03 04:35:49 +0000 2015, @mohammadaxl1, Manny pacquiao vs floyd mayweather 
Sun May 03 04:35:49 +0000 2015, @R2theRubio, Manny is the more dynamic fighter, but Floyd is a score card fighter. 
Sun May 03 04:35:49 +0000 2015, @jamiecruzat, qt man song ni manny hehe sorry ha magsisimula palang kasi samin hahaha 
Sun May 03 04:35:48 +0000 2015, @camydequirozz, My baby boo also rooting for our Manny boy!!!!!! GO MANNY!!!!!!!! @itsDannyJones http://t.co/OheLpV1Rj5 
Sun May 03 04:35:49 +0000 2015, @philosopheels, JESUS FUCKING HELL MANNY DO YOU NOT WANT TO WIN 
Sun May 03 04:35:49 +0000 2015, @armykidrxuhl, YES MANNY 
Sun May 03 04:35:49 +0000 2015, @heymishay, @denenenen manny hheheheh 
Sun May 03 04:35:48 +0000 2015, @Super_savage150, Stfu to everyone saying the fight rigged.. Just cause manny got 1 God hit doesn't mean he should win 
Sun May 03 04:35:58 +0000 2015, @itscoreymann, Manny needs a knockout or it's over. 
Sun May 03 04:35:58 +0000 2015, @LiamDoel, Manny needs to knock him out, Mayweather will clinch it on points I reckon :-( #MayPac 
Sun May 03 04:35:58 +0000 2015, @kristaevelle, Go Manny! #FilipinoPride #WeWontLetYouDown #TeamPacquiao You can do it! Pusong Pinoy! 
Sun May 03 04:35:58 +0000 2015, @lbethhemmings, LABAN #Manny #GoManny 
Sun May 03 04:35:58 +0000 2015, @DJBimBRTLM, Hindi nawawala yung ngiti sa mga labi ni Manny  #PacquiaoMayweather 
Sun May 03 04:35:58 +0000 2015, @swiftspolaroid, Lord please we hope manny can win this fight 
Sun May 03 04:35:58 +0000 2015, @coffeeloutte, NAKASANDAL SA CORNER SI LIBAG GO MANNY #BestFandomCA2015 Directioners 
Sun May 03 04:35:58 +0000 2015, @geonheeyah, TEKA LANG MANNY AAAAAHHH MY FEELS http://t.co/pBttVbLOT4 
Sun May 03 04:35:58 +0000 2015, @princesshood23, #FilipinoPride 
 GO MANNY!  https://t.co/VeJDhIr017 
Sun May 03 04:35:58 +0000 2015, @infinikki, I love you manny!!!!!!!!!!! 
Sun May 03 04:35:58 +0000 2015, @PUBESHlRE, SI MAYWEATHER SI BIEBER LANG MERON

EH SI MANNY BUONG PILIPINAS 
Sun May 03 04:35:58 +0000 2015, @anniefitness, Half of me wants Floyd to remain undefeated &amp; the other half wants Manny to win  #MayweatherPacquiao #fight 
Sun May 03 04:35:58 +0000 2015, @kawaiiboy420, Ahahhaha fuck manny n Floyd. #FreeMigos 
Sun May 03 04:35:58 +0000 2015, @Kimcortes_, Go manny last 2rounds!! #PacquiaoMayweather 
Sun May 03 04:35:58 +0000 2015, @jzrylalyx, Wahhh https://t.co/OCVV5zHYgE 
Sun May 03 04:35:58 +0000 2015, @showyouswift, YUNG SONG NI MANNY HAHA 
Sun May 03 04:35:58 +0000 2015, @Rated317, Manny gettin tht ass beat 
Sun May 03 04:35:58 +0000 2015, @Sidneymae29, Lord please help manny! Give him all the wisdom and strength. Please sustain him Lord. #GoManny #TiwalaLangSaDiyosManny 
Sun May 03 04:35:58 +0000 2015, @cabbs1989, Come on Manny now or never , or mayweather has this on points 
Sun May 03 04:35:58 +0000 2015, @thegreatspammer, manny got hit putaaaa 
Sun May 03 04:36:10 +0000 2015, @dhelbonrostro, Go Manny! Laban! Puso &lt;3 #PacquiaoMayweather 
Sun May 03 04:36:10 +0000 2015, @walisodope, Lol https://t.co/2ZSNOntvCh 
Sun May 03 04:36:10 +0000 2015, @LOSTKateAusten, @MaverickBerlin Vom Zuschauen eher Manny, aber Floyd liegt laut Twitter knapp vorne. 
Sun May 03 04:36:10 +0000 2015, @Chechesckaaaa26, Nakangiti pa rin si Manny  qtiee! Hahaha.   feeling excited 
Sun May 03 04:36:10 +0000 2015, @Samuikcolony, manny pacman itu ibarat leonel messi didalam clana dan sarung tinju,tapi pakai kumis :D :D #savePacquiao http://t.co/nuLrMXjcxW 
Sun May 03 04:36:10 +0000 2015, @rahyonce, Manny needs these three rounds to get a draw 
Sun May 03 04:36:10 +0000 2015, @HeeyyMikee, Ayan na si manny 
Sun May 03 04:36:10 +0000 2015, @chescaroque, Manny u got thisssssssss 
Sun May 03 04:36:10 +0000 2015, @zamaira_blanco, MANALO MATALO PROUD AKO KAY MANNY! 
Sun May 03 04:36:10 +0000 2015, @AceLong11, Manny Hittin all glove tho mostly 
Sun May 03 04:36:10 +0000 2015, @sehunkyut, MANNY PLSSSSS 
Sun May 03 04:36:10 +0000 2015, @playboyftmike, PUNYETA MANNY MAHAL KA NAMIN 
Sun May 03 04:36:10 +0000 2015, @x_Radiee, Its his only chance. https://t.co/AFS9cJS2si 
Sun May 03 04:36:10 +0000 2015, @bangtantidote, HAHAHAHA HYOSANG IS TEAM MANNY TOO https://t.co/uqTdQhDpuH 
Sun May 03 04:36:10 +0000 2015, @Beaniemonn, Manny needs to get on his horse, this fights mayweathers atm 
Sun May 03 04:36:10 +0000 2015, @samlikebooty, @YersonMontano look you faggot when we get to Monday , I'm going to bet your ass just like manny is doing it you bitch face 
Sun May 03 04:36:10 +0000 2015, @NotClayMerritt, If Manny loses Round 10, it's a wrap. 
Sun May 03 04:36:10 +0000 2015, @OLetThemEatCake,  https://t.co/HpZJTeZtoL 
Sun May 03 04:36:10 +0000 2015, @FromAceToZ, Theme song ni Manny. Ano ba yung song nya with Francis M? 
Sun May 03 04:36:10 +0000 2015, @http_anjelaxx, "@MatamaanKa: Sana naman i-exempt na si manny sa tax kasi maraming karangalan naman din dinadala niya sa pinas" 
Sun May 03 04:36:10 +0000 2015, @Alexizzle, GANSI KAYOS MANNY 3 KABUOK GAPANGIGO SAIYA, KAMOT SIKO ABAGA HAHAHA EDI WOW  
Sun May 03 04:36:10 +0000 2015, @megstienzx, UNANG KINUKUHA NI MAYWEATHER YUNG

MUKHA
SIKMURA
TITI
PANGA

NI MANNY, ANO PA BA GUSTO MO MAYWEATHER? WALA KABA NUN? 
Sun May 03 04:36:10 +0000 2015, @GutterrRock, Damn it Manny 
Sun May 03 04:36:10 +0000 2015, @Fehn2x, As I walk home from church. Empty street because of Manny :) Pinagpray kana namin Manny! His will be done.  http://t.co/KJ60TjIwdL 
Sun May 03 04:36:11 +0000 2015, @karthiknach, Come on Manny! #MayPac 
Sun May 03 04:36:11 +0000 2015, @Jassyheartt, I'm go for manny pacman, Go go go manny!  
Sun May 03 04:36:11 +0000 2015, @angeelsalcedo, Hoy gutom na ko, di ako makakain :(((( pabagsakin mo na manny!!!!! 
Sun May 03 04:36:11 +0000 2015, @altheyakristine, Iknockout mo na yan manny 
Sun May 03 04:36:11 +0000 2015, @sydnygonzalez, 3 rounds to go Manny!  
Sun May 03 04:36:11 +0000 2015, @SwaggyyyL, Gotta knock him out manny 
Sun May 03 04:36:28 +0000 2015, @ladybvillanueva, Ang perky ng fez ni manny.. Good sign! 
Sun May 03 04:36:28 +0000 2015, @googfloog, Dan Rafael gave the first two rounds and the past three to Floyd Mayweather. Can Manny Pacquiao ma... - via @ESPN App http://t.co/TpAq3n1EGC 
Sun May 03 04:36:28 +0000 2015, @Stormin_, If Manny isn't ahead on points right now, this fight is rigged... 
Sun May 03 04:36:28 +0000 2015, @LedKneeyKing, @BringOnTheCOYS manny imo 
Sun May 03 04:36:28 +0000 2015, @thats_mikey_, Manny ain't getting 
Sun May 03 04:36:28 +0000 2015, @chiiickenJOY, KO mo na yan manny ! Gogogogo 
Sun May 03 04:36:28 +0000 2015, @QueenMik, SIGI NA MANNY 
Sun May 03 04:36:28 +0000 2015, @ejayness, halos hollywood actors kay kang manny 
Sun May 03 04:36:28 +0000 2015, @motorcitydjay, Manny banged him but he still losing 
Sun May 03 04:36:28 +0000 2015, @shlycso, Manalo ka manny. Magpapa-pansit ako  
Sun May 03 04:36:28 +0000 2015, @_Liz_Khalifa_95, Manny could knock Floyd's head off and they'd still give the round to Floyd. 
Sun May 03 04:36:28 +0000 2015, @lookimskateting, @samgzn  I hope he's Manny hehehe 
Sun May 03 04:36:28 +0000 2015, @BenoitDastous, Mayweather gets scared so he goes for the hug for comfort... @FloydMayweather Manny isn't your mommy js 
Sun May 03 04:36:28 +0000 2015, @BendItLikeBEKAM, Manny looking WEAK 
Sun May 03 04:36:28 +0000 2015, @Fca_Gutierrez, Ojal Manny le d una patada voladora a justin bieber 
Sun May 03 04:36:28 +0000 2015, @aaangelmaeee006, ayan na si manny nasa ring na =) 
Sun May 03 04:36:28 +0000 2015, @NahNuhGyal, @_Kheemy http://t.co/cNjG6kIH6C 
Sun May 03 04:36:28 +0000 2015, @jhaizzamarie, round 10 na sila, papasok palang ng ring si manny  
Sun May 03 04:36:29 +0000 2015, @JERRYUGHHH, On other news. Natalo Spurs. Hindi lang si Manny ang highlight mga kapatid. Back to you Mike 
Sun May 03 04:36:28 +0000 2015, @ellijuhmeij, shet tayo balahibo ko kay manny lol hahahahaha 
Sun May 03 04:36:29 +0000 2015, @jaminekailuuuh, Ganda talaga ng kanta ni Manny srsly 
Sun May 03 04:36:37 +0000 2015, @cornishfthoran, BOBO MANNY PACQUIAO YUN GAGO!!  https://t.co/31iefwN8Xo 
Sun May 03 04:36:37 +0000 2015, @piguization, #MannyPacquiao #LaPeleaDelSigloEnTD Vamos Manny tu eres el mejor Mx 
Sun May 03 04:36:37 +0000 2015, @ASSunnyPK, Come on Manny #MayweatherPacquiao #MayPac 
Sun May 03 04:36:37 +0000 2015, @Ben_Schoonover, Come on Manny ! 
Sun May 03 04:36:37 +0000 2015, @ScotttyRose, Floyd has thrown less than half the punches of Manny but he is in complete control #PacquiaoMayweather 
Sun May 03 04:36:37 +0000 2015, @DidYouTweetThat, Manny gonna lose unless he gets a knockout 
Sun May 03 04:36:37 +0000 2015, @jrvfyeah, Go Manny ! #OneForPacman 
Sun May 03 04:36:37 +0000 2015, @tRi11mvnthv, MANNY GOT'EM AGAIN W/ A JAB 
Sun May 03 04:36:37 +0000 2015, @p0pson, Look like manny won all the rounds after the 5th 
Sun May 03 04:36:48 +0000 2015, @itskelvinhye, Beast manny! 
Sun May 03 04:36:48 +0000 2015, @sheryltorralba, Makakabisado ko na ung kanta ni Manny hahaha XD 
Sun May 03 04:36:48 +0000 2015, @ASAPstylesx, I hope Manny knocks his ass out just because how fucking cocky he is #TeamPacman http://t.co/ndwXoigY0Y 
Sun May 03 04:36:48 +0000 2015, @Siyeramey, 2 Rounds na lang  go manny 
Sun May 03 04:36:48 +0000 2015, @wingediparis, MANNY KNOCK HIM OUT PLS 
Sun May 03 04:36:48 +0000 2015, @KJxthatxTG, Manny you have to knock him out. Other than that.. this fight is over... score wise 
Sun May 03 04:36:49 +0000 2015, @Cathjuvsss, MANNY!!!!!!!!!!!!!! 
Sun May 03 04:36:48 +0000 2015, @MARIBELTAPIAA, @AztecaSiete vamos manny!!! por favor le pueden mandar un saludin a Elvia Armas 
Sun May 03 04:36:49 +0000 2015, @Cathyyy_19, C'MON MANNY YOU GOT THIS 
Sun May 03 04:36:48 +0000 2015, @_lescustodio, EDSA Today  Only Manny can do this!  http://t.co/8qr6GbzbIz 
Sun May 03 04:36:49 +0000 2015, @IanakiIos, CORNER MO YAN MANNY AT SUNTOK LANG NG SUNTOK 
Sun May 03 04:36:49 +0000 2015, @theyselene, PANGINOON GABAYAN NYO PO SI MANNY! AMEN. 
Sun May 03 04:36:49 +0000 2015, @beykhyun, palabas pa lang si manny lol 
Sun May 03 04:36:49 +0000 2015, @loulinarry, I BELIEVE IN YOU MANNY!! KEEP ON FIGHTING  
Sun May 03 04:36:49 +0000 2015, @kathlynvinas, UMUULAN!!!! WOOHOOO!! GO MANNY!!!! 
Sun May 03 04:36:49 +0000 2015, @CeioneIsTrash, Manny better knock Floyd out 
Sun May 03 04:36:49 +0000 2015, @itsmehannahlee_, Wala talo ata si Manny &lt;|3 lamang na lamang si Mayweather sa score eh. 
Sun May 03 04:36:49 +0000 2015, @Edgar0731, Yo la veo ms pareja https://t.co/44zlCxzHjJ 
Sun May 03 04:37:00 +0000 2015, @AllanMac2, Floyd Mayweather v Manny Pacquiao: Video, live updates, reaction from Las Vegas http://t.co/cZPZRPhMbm 
Sun May 03 04:37:00 +0000 2015, @jaaanedoe_, YES PUTA KAKAPASOK PALANG NI MANNY SA RING KAMI 
Sun May 03 04:37:01 +0000 2015, @hednjhlwt, YOU CAN WIN THIS MANNY 
Sun May 03 04:37:01 +0000 2015, @WilliamRaymondR, @WilliamRaymondR I mean si Manny and Floyd. 
Sun May 03 04:37:00 +0000 2015, @erikraphael, Go for the ko Manny!  https://t.co/HpLb9CyeWY 
Sun May 03 04:37:01 +0000 2015, @kulkewd, Hahah wtf https://t.co/OrCBwDtsPC 
Sun May 03 04:37:01 +0000 2015, @HolyQueenDemi, YEEEEHHHEEYY! HAPPY LANG SI MANNY! SANA PAKAININ NI MANNY YUNG MGA DIRECTIONERS PAG NANALO SIYAAAAA WAAAAHHHH 
Sun May 03 04:37:01 +0000 2015, @TiffanyG_MUA, The judges are going to give it to Mayweather... but see how my account is set up...I'm still hoping Manny knocks... http://t.co/yN0FWp50lX 
Sun May 03 04:37:01 +0000 2015, @_alonsoInsait, @ruco11 @FloydMayweather @MannyPacquiao golpes conectados ! Manny tira mucho pero todo pega en la guardia 
Sun May 03 04:37:01 +0000 2015, @Gandolfocastel, Watch Manny Pacquiao vs Floyd Mayweather Jr Live Streaming HDTV : http://t.co/xzHmPprOsJ #PacquiaoMayweather v-5 
Sun May 03 04:37:01 +0000 2015, @Maefinite, Si marty nanuod ng live -.- sana binigay nalang nya sakin hahaha #manny 
Sun May 03 04:37:01 +0000 2015, @adoragellllay, Sugod pa manny! 
Sun May 03 04:37:01 +0000 2015, @ResourceProShey, Round9: Manny on the offensive 
Sun May 03 04:37:01 +0000 2015, @FoolAssDCNiggah, It's okay Manny you can't see those Rights coming.  
Sun May 03 04:37:01 +0000 2015, @miraestxx,  https://t.co/TDDhAiVeFP 
Sun May 03 04:37:01 +0000 2015, @dicky_reddevil1, MANNY PACQUIAO pasti menang [pic]  https://t.co/3vwZXufFzH 
Sun May 03 04:37:01 +0000 2015, @_Lightninglee03, Manny vs Mayweather
Goku vs Vegeta
Madara vs Hashirama
Naruto vs Sasuke
Ali vs Frazier 
Sun May 03 04:37:01 +0000 2015, @jessagavan, GO MANNY!!! 
Sun May 03 04:37:01 +0000 2015, @Inveni_Te_Ipsum, Floyd's controlling the pace of the fight and that is NOT good for Manny.  He's got to let them hands go.

#MayweatherPacquiao 
Sun May 03 04:37:12 +0000 2015, @MamaMaleck, Allez manny enfonce le 
Sun May 03 04:37:12 +0000 2015, @AlonsoD24254151, #LaPeleaDelSigloEnTD vamos Manny!!! Tu puedes http://t.co/TsJ3DoQPxs 
Sun May 03 04:37:12 +0000 2015, @ximena1D3, Mientras Mi Pap Le Grita A @MannyPacquiao Yo Le Grito A @justinbieber  Que Salga  Vamos Manny #TeHaceFaltaVerMasBox #LaPeleaDelSiglo 
Sun May 03 04:37:12 +0000 2015, @_imlovebarbas, Hahahahahahaha jusko Mayweather. Wae ngd?  wae lg dinaya ah aww haha Go Manny!!! Tapusa nna https://t.co/O87kV5bcpt 
Sun May 03 04:37:12 +0000 2015, @hughesadam87, #MayweatherPacquiao manny with the ko!!!! Omg omg omg 
Sun May 03 04:37:13 +0000 2015, @celine_liclican, GO MANNY! #PacquiaoMayweather 
Sun May 03 04:37:13 +0000 2015, @maruza_74889, Vas a ganar Manny Pac NO quiero empate #LaPeleaDelSigloentd 
Sun May 03 04:37:13 +0000 2015, @ptrcjoy, Go manny kaya mo yan 
Sun May 03 04:37:13 +0000 2015, @ruevinserrano, money vs manny. #TeamPacquiao labanan ang capitalismo! hahaha #mema go pacman. 
Sun May 03 04:37:13 +0000 2015, @_geraldinebp, Manny I know you can do it #MannyPacquiaoftw 
Sun May 03 04:37:13 +0000 2015, @kc_carino, KO MO NA MANNY HUHU 
Sun May 03 04:37:13 +0000 2015, @_cjpaz, Pero di ko talaga maseryosong singer si manny 
Sun May 03 04:37:13 +0000 2015, @JackBrayboy, Manny has to win last 3 to win. Otherwise the deal is done. #MayPac 
Sun May 03 04:37:13 +0000 2015, @immaradeguzman, GO MANNY! #OneForPacman 
Sun May 03 04:37:13 +0000 2015, @ncmohlafuno, Which corner are u?manny or floyd.... I'm on manny's corner lol 
Sun May 03 04:37:13 +0000 2015, @sassyausty, GO MANNY! 
Sun May 03 04:37:13 +0000 2015, @kirsootin, I knew we'll have spag for lunch but my mother abandoned the cooking for Manny. Wohooo. Fighting http://t.co/wKQApTDLL0 
Sun May 03 04:37:13 +0000 2015, @aliasNC13, MANNY PLEASE KNOCK HIM OUT. IT'S LIKE FIGHT NIGHT STORY MODE. #GoManny #PacquiaoMayweather #IsangBayanParaKayPacman 
Sun May 03 04:37:13 +0000 2015, @tasha76mtz, That's too funny https://t.co/9FlU7oQG8h 
Sun May 03 04:37:13 +0000 2015, @njclmnt, time for a KO! Go manny!!! 
Sun May 03 04:37:13 +0000 2015, @Louie_Pogi18, @KhylehXXI dehins sinasabi s PPV eh. Haha! I think.. Si Manny :) 
Sun May 03 04:37:13 +0000 2015, @dinnysan, It's okay Manny. Win or lose, you're still the champion in our eyes.  
Sun May 03 04:37:13 +0000 2015, @RecelynnTadipa, Sa lahat Ng Kanta ni Manny yung Kanta nya ngayon yung pinaka nagustuhan ko!  :) 
Sun May 03 04:37:21 +0000 2015, @alzzv, Manny Pacquiao desde pequenininha!! Pega seu boxe ostentao e vaza Mayweather. 
Sun May 03 04:37:21 +0000 2015, @RiqueJames, Well manny at least you getting paid  
Sun May 03 04:37:21 +0000 2015, @Dara_Taehyung, Round 10
This will be an important for u Manny...u need to get this round man!!! #TeamPacman 
Sun May 03 04:37:21 +0000 2015, @greenlxghtbrad, "Love me, love me." 

*beiber sings in the background as mayweather hugs manny* 
Sun May 03 04:37:22 +0000 2015, @flirthes_haz, SI MAYWEATHER NAMAN YUNG NAGPAPASYON !!! TAPOS NA SI MANNY !! NAKAKAIYAK 

#BestFandomCA2015 Directioners 
Sun May 03 04:37:21 +0000 2015, @i_am_negatron, Kalma https://t.co/GKDYfUx5yB 
Sun May 03 04:37:22 +0000 2015, @iaeaiao, @KuyaEdu: TANGINA NITONG BAKLANG TO OH, DI MO NAMAN SINABING GUSTO MO PALANG CHUPAIN SI MANNY http://t.co/diSnf6Sl5T HAHAHAHAHAHHA 
Sun May 03 04:37:22 +0000 2015, @littul_bitch, Manny on bs. He had too many open punches 
Sun May 03 04:37:21 +0000 2015, @chvrl3s, mayweather is making manny tired by all these punches but isn't mayweather tired of running away? smh. 
Sun May 03 04:37:21 +0000 2015, @AlanMen84761369, #LaPeleaDelSigloEnTD #NeverGiveUp vamos manny http://t.co/xRhBApTCdE 
Sun May 03 04:37:22 +0000 2015, @_keziahvirrey, ITODO MO NA MANNY!!!!!!!!! 
Sun May 03 04:37:22 +0000 2015, @Jonathan4775, @SportsCenter all Floyd does is run run run from manny. Fight. Like a man 
Sun May 03 04:37:22 +0000 2015, @RbasRo, Je crois Que Manny est bon pour Gagner ce Match,les bons coups au bon moment #PacquiaoMayweather 
Sun May 03 04:37:22 +0000 2015, @KyungsooEXO1288, Go Manny! 
Sun May 03 04:37:22 +0000 2015, @LeeaCaarp, Vamos Manny! 
Sun May 03 04:37:22 +0000 2015, @donovangio799, After 7 rounds, Dan Rafael scores the fight 67-66 for Manny Pacquiao, with Floyd Mayweather winning the 7th round. http://t.co/Ns7ZedGIcC 
Sun May 03 04:37:22 +0000 2015, @jamesfarmer17, Right am I the only one thinking that just because Floyd is 'neutralising' Manny, it doesn't necessarily make him the winner here? 
Sun May 03 04:37:22 +0000 2015, @GenieMarieCee, Say one video of Manny and automatically wanted him to win 
Sun May 03 04:37:22 +0000 2015, @cassandragwapo, NANALO NA DAW SI MANNY  Huli nanaman ang pilipinas ganern? 
Sun May 03 04:37:22 +0000 2015, @its_selenaaaa, FOR REAL https://t.co/qazT9rnk3r 
Sun May 03 04:37:29 +0000 2015, @tengelang, Pay per view?! Powtaaaah! Diin na?
Tapusa na Manny! #MayweatherPacquiao #OneForPacman http://t.co/MZZUZYqqMv 
Sun May 03 04:37:29 +0000 2015, @iangillan_21, Yung feeling na sigaw ka ng sigaw para Kay Manny tapos pag end ng boxing wala ng boses 
Sun May 03 04:37:29 +0000 2015, @StreetsOfTweets, Manny gone rush and get smacked 
Sun May 03 04:37:29 +0000 2015, @ChiefJoel24, Even tho manny giving him the paws ..he gotta knock him out to win lol 
Sun May 03 04:37:29 +0000 2015, @tatianaduh_, UNTA MABAWASAN UG 5 POINTS SI MAYWEATHER KADA HUG NYA KAY MANNY 
Sun May 03 04:37:29 +0000 2015, @hahaIuke, ROUND 10 NA SHT PANALO NA MANNY GAYSHIT SI MAYWEATHER EH WOOO 
Sun May 03 04:37:29 +0000 2015, @Abayomi_Faleye, Manny Pacquaio needs more body shots #MayweatherPacquiao 
Sun May 03 04:37:29 +0000 2015, @AyooAyyEyy, GO MANNY GOOOOO 
Sun May 03 04:37:29 +0000 2015, @ntvkenya, Both Manny and Mayweather tiring out. And the pace is picking up #MayPac http://t.co/88xksVa0KW 
Sun May 03 04:37:37 +0000 2015, @rebeccagracef, MANNY CMON IT'S ROYND 10 KICK HIS ASS ALREADY LAHWIQVACAIBAHQCDTADJ 
Sun May 03 04:37:38 +0000 2015, @AlexRonaIdo, @YourGuy_8 you know Mexicans only going for manny too 
Sun May 03 04:37:38 +0000 2015, @smile_wildchild, Knock his ass out Manny. #MayPac 
Sun May 03 04:37:38 +0000 2015, @altheyakristine, Go Manny!! PH 
Sun May 03 04:37:38 +0000 2015, @kimvstheworId, Congrats Manny!!! 
Sun May 03 04:37:38 +0000 2015, @armigaile_, Pag di si Manny nanalo patay tayo dyan. Madaya talaga. 
Sun May 03 04:37:38 +0000 2015, @heyoo_aj, KNOCK THAT PUSSY OUT MANNY!  
Sun May 03 04:37:38 +0000 2015, @eddie_xo, Manny gotta knock him out now if not it's Floyd's fight. 
Sun May 03 04:37:38 +0000 2015, @tuesbellee,  https://t.co/2vgOVTB8Tq 
Sun May 03 04:37:38 +0000 2015, @IngridNicoals, Manny you need to knock him out, only got 2 more rounds 
Sun May 03 04:37:38 +0000 2015, @clairelalu, Go manny! 
Sun May 03 04:37:38 +0000 2015, @kimberxylene, GO MANNY!!!  
Sun May 03 04:37:38 +0000 2015, @ruevinserrano, ayan lumalaban po ang gobyerno sa mga kano ngayon. si cong. manny vs mayweather. haha 
Sun May 03 04:37:38 +0000 2015, @AkQ97, Come on manny 2 more rounds keep doing it don't fall for it 
Sun May 03 04:37:38 +0000 2015, @fuertesMk18, @Emegeeed_itsJhe kanina pa boi! Sino lamang kina Manny? 
Sun May 03 04:37:38 +0000 2015, @preciouspolloso, MANNY, PLEASE. BEAT HIM! MANNY, YOU GOT THIS!!! 
Sun May 03 04:37:53 +0000 2015, @reysheljoy, Sugod Manny! #pusongpacquiao 
Sun May 03 04:37:53 +0000 2015, @vuyo_10, Reckless https://t.co/ETyOP8lekq 
Sun May 03 04:37:53 +0000 2015, @ChocoMilkCereal, fight of the century just consists of mayweather hugging manny...oh 
Sun May 03 04:37:53 +0000 2015, @jaaccoobb__, Manny's so humble he deserves to win 
Sun May 03 04:37:53 +0000 2015, @MeHendwick, Tangina sana si tyson nalang kinalaban mo manny sulit pa :/ 
Sun May 03 04:37:53 +0000 2015, @emeraldjuanitas, pls pls pls manny beat his ass. pls 
Sun May 03 04:37:53 +0000 2015, @JA_Damian30, Go Manny kaya mo yan !!!!! http://t.co/izpDLzCA1c 
Sun May 03 04:37:53 +0000 2015, @Iam_CMGR, Go Manny!! Focus! #WeWontLetYouDown 
Sun May 03 04:37:53 +0000 2015, @grysonnn_, I fckin hate mayweather cause his attitude sucks but even I know hes not just gonna stand there and let manny hit him I mean duh fckin tards 
Sun May 03 04:37:53 +0000 2015, @desvaj, Justin Bieber looked like an idiot standing near Manny  
Sun May 03 04:37:53 +0000 2015, @chopis3, Cuando Manny le pega sus buenas, buenas a Mayweather te juro que hasta hablo tagalo!! 
Sun May 03 04:37:53 +0000 2015, @heyalsace, Pildi ni Manny ang CITOM oh wagtang traffic lami kayng dan karon hahaha 
Sun May 03 04:37:53 +0000 2015, @saronadaryl, shit matatalo ata si manny pag hindi niya siya na ko 
Sun May 03 04:37:53 +0000 2015, @HannahKulit0214, Manny be like

That's for sticking your sweaty, nigga body on my hot white body.. http://t.co/PjOYaj4n86 
Sun May 03 04:37:53 +0000 2015, @jaguyamid, Manny wins. Spread the word. #OneForPacman 
Sun May 03 04:37:53 +0000 2015, @imayoungmoney, manny manny manny !!!! beat gayweather!!!! hahaha #PacmanForTheWin 
Sun May 03 04:37:53 +0000 2015, @BaebyNow, Puta.Kaya pala takot lumaban si Mayw kay Manny kase bakla. 
Sun May 03 04:37:53 +0000 2015, @akirararawr, Goals yung yakapan nila manny ha
DJK HAHAHAHAHAHAHA  
Sun May 03 04:37:53 +0000 2015, @elyogui83, Manny needs a ko to win 
Sun May 03 04:37:53 +0000 2015, @swolesan, IF REDWIN HAD A TWITTER LMAO https://t.co/HJam04evTE 
Sun May 03 04:38:03 +0000 2015, @DjDoubleDs, Where's the knockout at manny!! Come on I got my child support money in the line. #MayweatherPacquiao 
Sun May 03 04:38:03 +0000 2015, @andreslicht, 97-95 Manny 
Sun May 03 04:38:03 +0000 2015, @GuzmansJhercurl, 5-5....Manny has to go for knockout now 
Sun May 03 04:38:03 +0000 2015, @MikeCrcln, Tawa Manny  
Sun May 03 04:38:03 +0000 2015, @garekitrash, @tokyohoweII yea he like mayweather. idk how manny remind u of my man but ok 
Sun May 03 04:38:03 +0000 2015, @GWPierce78, @Bakersgotjuice punches or jabs? Everytime manny gets inside Floyd wraps up but there's no scoring against opting out 
Sun May 03 04:38:03 +0000 2015, @imcharizzelapuz, Dapat KO para sure na si Manny. Para di na madadaya.  #PacquiaoMayweather 
Sun May 03 04:38:03 +0000 2015, @GustiRjs, 10-9 Manny. 
Sun May 03 04:38:03 +0000 2015, @MaauroParedes, Llevala al crner Manny 
Sun May 03 04:38:03 +0000 2015, @gelavly, Si mich na ang may kasalanan nauubos na kasi buhok mo lalo e https://t.co/18y0BDft9y 
Sun May 03 04:38:03 +0000 2015, @BradSmithSI, #MayPac Round 10. Two rounds left, Manny behind on points. No knockout, no win... Simple. Says me. But what do I know. 
Sun May 03 04:38:03 +0000 2015, @Gandolfocastel, Watch Manny Pacquiao vs Floyd Mayweather Jr Live Online Stream Click : http://t.co/sN4OBwtoel #PacquiaoMayweather Live v-961 
Sun May 03 04:38:03 +0000 2015, @paodelrosario, Round 10 to Manny! #MayPac 
Sun May 03 04:38:03 +0000 2015, @MrSuperJay, Manny is SICK. 
Sun May 03 04:38:03 +0000 2015, @DraCinMachin, Sigue el finde y ahora queremos que gane #Pacquiao... Vamos #Manny  @ La Hamburguesera https://t.co/fy06o1tICL 
Sun May 03 04:38:03 +0000 2015, @hazelsialongo, @LyzelLato namiss daw niya si manny  
Sun May 03 04:38:03 +0000 2015, @FidelCashFlo_, Manny gon swing for the fences in the last round 
Sun May 03 04:38:03 +0000 2015, @asdfghbaejkl_, @kimduka_  hahaha Go Manny!  
Sun May 03 04:38:03 +0000 2015, @adrianoarwin, Floyd loves Manny very much. Keep hugging. http://t.co/8FSu56Adf1 #MayPac #PacMay #TeamMayweather #TeamPacquiao 
Sun May 03 04:38:03 +0000 2015, @godlyphoto, facts  https://t.co/NC5zudvwBI 
Sun May 03 04:38:03 +0000 2015, @_Kint, If Manny wanted to win this fight going all 12 rounds, all he has/had to do is "look" busier than Mayweather. 
Sun May 03 04:38:03 +0000 2015, @ElRey_Tigre, Knock his ass out Manny! 
Sun May 03 04:38:03 +0000 2015, @malindi_n, Manny all the way #TeamPacman #TeamJesus  https://t.co/RuM0BgIpuR 
Sun May 03 04:38:24 +0000 2015, @haekmoobs, Pls let manny win  #BestFandomCA2015 ELF 
Sun May 03 04:38:24 +0000 2015, @Renginesexy2000, WHAHAHAHAHA KAHIT MUKHA KA NG NA RAPE NG SAMPUNG ASO GORABELLS PARIN KAKA CHEER GO MANNY 
Sun May 03 04:38:24 +0000 2015, @theyselene, KINAKABAHAN AKO KAY MANNY. 
Sun May 03 04:38:24 +0000 2015, @LalaSunshine24, Go Manny!! 
Sun May 03 04:38:24 +0000 2015, @cjfrancisco05, OMG!! Even @GuitarmanDan and @NiallOfficial Cheering for Pacman!! GO MANNY! #PacquiaoMayweather 
Sun May 03 04:38:24 +0000 2015, @ikiikaygalarosa, HAHAHA  https://t.co/DOPbWh5EDc 
Sun May 03 04:38:24 +0000 2015, @ChelliG14, @GhostTown Manny's face  
Sun May 03 04:38:24 +0000 2015, @KEVINnatics, Knock him out Manny! #MayPac 
Sun May 03 04:38:24 +0000 2015, @wendily55, Manny needs to be more efficient and land more of his punches!!! 
Sun May 03 04:38:24 +0000 2015, @abedregal, Round 10 y poco lo de Floyd. Para Manny Pacquiao #PacquiaoMayweather 
Sun May 03 04:38:24 +0000 2015, @EmpressCarri, Come on Manny!!! Get em back!!! 
Sun May 03 04:38:24 +0000 2015, @juan_antonio03, Seal the deal Manny. Round 11 na. 
Sun May 03 04:38:24 +0000 2015, @WillBealBU, Don't let crowd fool you, they going crazy every time Manny swings even if he doesn't land it or misses completely 
Sun May 03 04:38:24 +0000 2015, @D_WaYnE_01, @7citiesbrittle @jadastackhouse nope. Just hate seeing Floyd hug manny all the time. But to his credit Floyd got that right going tonifht 
Sun May 03 04:38:24 +0000 2015, @GrovesMoneyMan, I'll give Manny dat one 
Sun May 03 04:38:24 +0000 2015, @MarquisDMann, Niggas sleep though https://t.co/uk48V7HTrT 
Sun May 03 04:38:24 +0000 2015, @TBoodie, Manny likkle but him tallawah 
Sun May 03 04:38:24 +0000 2015, @aishitelou, lss na ako sa theme song ni manny hELP 
Sun May 03 04:38:24 +0000 2015, @Relaydarapstar, Come on manny, connect 
Sun May 03 04:38:24 +0000 2015, @Humble_Slim, @BlackProd1gy yeah only reason i was trippin because dude was using one of manny's fights for a blueprint to beat floyd which was dumb 
Sun May 03 04:38:24 +0000 2015, @Nic_Grigsby5, Manny getting frustrated lol!! 
Sun May 03 04:38:34 +0000 2015, @g_lee0, @baojeduhh @cornelius_gray I'm going for manny but his dad's not a judge 
Sun May 03 04:38:27 +0000 2015, @yooung_Louis, Go manny kahit di kami live  
Sun May 03 04:38:34 +0000 2015, @MrMattyLee, Manny is not the same guy from 5 years ago... I've said this all along 
Sun May 03 04:38:34 +0000 2015, @jomarenco, Round para Manny su mucha diferencia 
Sun May 03 04:38:34 +0000 2015, @jwhitey98, Think Manny still took it imo- missing lots, but still connecting more than Mayweather 
Sun May 03 04:38:34 +0000 2015, @Laaaangs, @potatomadness YABANG NG MANOK NIYA PUCHAA! ANGAS MASYADO NEGRO NAMAN. HAHAHA! SI BABY ZAYN AT HORAN TEAM MANNY!  
Sun May 03 04:38:34 +0000 2015, @fighthits, Best of Floyd Mayweather vs. Manny Pacquiao http://t.co/mtmvxPkyNV #sports 
Sun May 03 04:38:34 +0000 2015, @nixllerxcuddles, WHY IS MAYWEATHER AVOIDING MANNY?! TAKOT BA  MANNY IKNOCK OUT MO NA SI MAYWEATHER  
Sun May 03 04:38:34 +0000 2015, @andysalsa98, Lmao  https://t.co/GvD1sLGVnc 
Sun May 03 04:38:34 +0000 2015, @IamIssahG, 1 round nlng manny! :D 
Sun May 03 04:38:34 +0000 2015, @bangtansslave, manny patumbahin mo na pls :c 
Sun May 03 04:38:34 +0000 2015, @andysalsa98, Lmao  https://t.co/GvD1sLGVnc 
Sun May 03 04:38:34 +0000 2015, @StephieBattista, #MayPac. http://t.co/epzquvHkVd 
Sun May 03 04:38:34 +0000 2015, @LucVenturaaa, round 11 na jusko go manny #PacquiaoMayweather #MayPac 
Sun May 03 04:38:34 +0000 2015, @allencam05, Come on Manny!!  
Sun May 03 04:38:34 +0000 2015, @xCDMM, This is fucking wank from Manny. He's not even letting the combinations flow. The best parts of the fight was when he had him in the corner! 
Sun May 03 04:38:34 +0000 2015, @iamJackieO, Mayweather is very elusive. Manny needs to catch him and give that one killer punch! #OneForPacman 
Sun May 03 04:38:34 +0000 2015, @SamsonHSE, Manny steals one on aggresion, may 6-4 #MayPac 
Sun May 03 04:38:34 +0000 2015, @GregLarioniII, This one is close but manny is the aggressor 
Sun May 03 04:38:34 +0000 2015, @camdarby123, @MobRagz see prime example manny is clearly winning and they have him winning by 5 because he paid him 
Sun May 03 04:38:34 +0000 2015, @madeesht, Hoy may weather! Wag mong nilalandi yang si Manny may asawa na yan gago!  #PacquiaoMayweather 
Sun May 03 04:38:34 +0000 2015, @rolhgiet_, C'MON MANNY YOU NEED TO KNOCK HIM THE FUCK OUT. YOU KNOW THAT'S ALL YOU HAVE TO DO. 
Sun May 03 04:38:34 +0000 2015, @MarcelPesch, Last round, let's go manny!!!  
Sun May 03 04:38:34 +0000 2015, @ryanmgreene, 98-92. Curious to see how all-out Manny goes these final 6 min. No other choice. #MayPac 
Sun May 03 04:38:34 +0000 2015, @callmeshaqy, @AvfhSimpson manny  
Sun May 03 04:38:34 +0000 2015, @_RD3_, Closer round but gave it to Manny. Got it 6-4 Floyd after 10. 
Sun May 03 04:38:34 +0000 2015, @Carlos_FFOE, No KO, no win for Manny 
Sun May 03 04:38:34 +0000 2015, @PowerRanhyer, Manny face LOL 
