Sat May 02 08:00:50 +0000 2015, @redwingsgalaxy, Can't stop watching https://t.co/30thPydhO3,  
Sat May 02 08:00:50 +0000 2015, @NdumisoMbatha_, I'd like to think Mayweather has made good investments and saved up his money that after retirement, he won't need for anything., Manila, Philippines 
Sat May 02 08:00:50 +0000 2015, @Idhamtractors, Pacquiao : kita bicara bukan harta,atau apa yg kmu miliki, tapi bicara menang atau kalah diatas ring , #nothingtosomething,  Jakarta 
Sat May 02 08:00:50 +0000 2015, @MBlackHatForum, Floyd Mayweather is complaining... that Pacquiaos cup is too big... http://t.co/fXVGCVocUG,  
Sat May 02 08:00:50 +0000 2015, @jadzpicableme2, Si Pacman naman ang aabangan bukas :), makati 
Sat May 02 08:00:51 +0000 2015, @Sandra__baby, /'/'===+= Fwd: Nicki Minaj and beau Meek Mills arrive Vegas for the Mayweather and Pacquiao fight http://t.co/ucYUttQ6HI,  
Sat May 02 08:00:51 +0000 2015, @WayneWennz, @mmbangwa Floyd wins this one, zimbabwe 
Sat May 02 08:00:52 +0000 2015, @Ringo_Mystro, Mayweather vs Pacman #mayPac @WORIDSTARHlPHOP: http://t.co/VM2iLiP8nl, PLUTO home 
Sat May 02 08:00:52 +0000 2015, @swish_mr, Everybody hate Floyd :(, Everywhere 
Sat May 02 08:00:52 +0000 2015, @spazzrazz, Mayweather vs. Pacquiao -- The Drinking Game  http://t.co/1WqSbAEfHC, Minnesota 
Sat May 02 08:00:53 +0000 2015, @gigsantonio, I suggest that these ladies should watch Pacman's fight tomorrow. Para mamotivate and mainspire sa puso. #LabanPilinas,  
Sat May 02 08:00:53 +0000 2015, @janoski24, Bukas si Pacman namab mananalo!!!!
Congrats Team Pilipinas!!!!
#Valdez, -_- 
Sat May 02 08:00:53 +0000 2015, @MihaelaPC, Face-off: Mayweather vs. Pacquiao by the numbers - http://t.co/Mrt5AVxdaj http://t.co/rkrW5xnWUK, Romania 
Sat May 02 08:00:53 +0000 2015, @__momo35, put 80 on mayweather ,  
Sat May 02 08:00:53 +0000 2015, @nickgomersall96, pacquiao knockout in 6th round, heard it here first  ,  
Sat May 02 08:00:53 +0000 2015, @Sandra__baby, :;:'''=WU== Fwd: Nicki Minaj and beau Meek Mills arrive Vegas for the Mayweather and Pacquiao fight http://t.co/ucYUttQ6HI,  
Sat May 02 08:00:54 +0000 2015, @HarryWilliams91, @DarionNaylor Floyd on points., Jersey/London  
Sat May 02 08:00:54 +0000 2015, @bigbets4u, Betfair Fight Offer
3/1 Mayweather or
8/1 Pacquiao to win 
Money Back + 100 Bet Bundle
 http://t.co/zyzmO6oDEn http://t.co/AJsZCYwOGo , worldwide 
Sat May 02 08:00:54 +0000 2015, @manlikegeorge_, if mayweather doesn't destroy pacquio head, let me know why., LDN || LAG. 
Sat May 02 08:00:54 +0000 2015, @CNNMex, Los habitantes de Filipinas tendrn que ahorrar luz para ver la pelea entre Pacquiao y Mayweather http://t.co/R85nWZevi4, Mxico 
Sat May 02 08:00:54 +0000 2015, @sportsoffer4u, Betfair Fight Offer
3/1 Mayweather or
8/1 Pacquiao to win 
Money Back + 100 Bet Bundle
 http://t.co/ljIYuZlHDB http://t.co/quWqqZn3FE , worldwide 
Sat May 02 08:00:54 +0000 2015, @Sportsdeals4u, Betfair Fight Offer
3/1 Mayweather or
8/1 Pacquiao to win 
Money Back + 100 Bet Bundle
 http://t.co/oj1oabb7Pd http://t.co/qvpKO15giw , england  
Sat May 02 08:00:55 +0000 2015, @BET2WINSPORTS, Arsenals Alexis Sanchez and Gabriel Paulista prepare for Floyd Mayweather v Manny Pacquiao fight with boxing match http://t.co/kQWfH9HFLq,  
Sat May 02 08:00:55 +0000 2015, @CP_UK_Longleat, Sports Caf will be showing the Mayweather v's Pacquiao fight. Open from 2am until the fight finishes! Who will you be cheering for?, Warminster, Wiltshire 
Sat May 02 08:00:55 +0000 2015, @MattyJago, This 4am boxing match really isn't ideal..... let's face it it's a must watch though!!!!!  #MayweatherPacquiao -Mayweather in the 5th round, Cheltenham / Newquay, England 
Sat May 02 08:00:55 +0000 2015, @Sandra__baby, =----= Fwd: Nicki Minaj and beau Meek Mills arrive Vegas for the Mayweather and Pacquiao fight http://t.co/ucYUtu7I6i '[,  
Sat May 02 08:00:55 +0000 2015, @SBNeoN, @NoChillPosts Now this is how you know Mayweather is a bitch. and how much you wanna bet he bought the fight like really "BRUH",  
Sat May 02 08:00:56 +0000 2015, @simonbaines98, Don't know why I got up this early, gonna be up all night waiting for mayweather vs pacquiao fight tonight!, England  
Sat May 02 08:00:56 +0000 2015, @ChefHemmings, Hope 'Money' Mayweather gets annihilated tonight, Bournemouth 
Sat May 02 08:00:56 +0000 2015, @SoToNBaNgErS, Froch gets a chance to speak to mayweather and 1st thing he says "yeh so when i knocked out groves"...fucking hell mate you're boring,  
Sat May 02 08:00:56 +0000 2015, @hypegotti, @MeanStreetsOMA save yourself for Saturday. Derby &amp; mayweather, its gonna be crazy., OmaVegAngeles 
Sat May 02 08:00:56 +0000 2015, @NBA_Sneakers, #HeatNation Could there be a rematch of Mayweather-Pacquiao? Not so fast: Putting together the... http://t.co/aG10URe1YK #TeamHeat #Heat,  
Sat May 02 08:00:57 +0000 2015, @nattakatta, I don't care how good of a fighter Mayweather is...he is a disgusting human being., Africa 
Sat May 02 08:00:57 +0000 2015, @Wakes_Kay1, You cant so things like thinking Mayweather will lose...you cant majita., Kokwenu eBack 
Sat May 02 08:00:58 +0000 2015, @Chief_11965, @DelightCChiyaka pacman is talkative, Mhluzi, Mpumalanga 
Sat May 02 08:00:58 +0000 2015, @kenkayyy, Pacquiao naman bukas , kath's 
Sat May 02 08:00:59 +0000 2015, @OBNMxrcyy, @RickyyAlvess Mayweather, Vine : TwiistttVinesss 
Sat May 02 08:00:59 +0000 2015, @SrJadiar, Hoy luchan Pacquiao vs mike weber, mrn pcs 
Sat May 02 08:01:00 +0000 2015, @Santi_RMCF91, Gente que habla del Pacquiao vs Mayweather como expertos y luego les preguntas por Foreman o por Frazier y te miran con una cara..,  
Sat May 02 08:01:00 +0000 2015, @TheSRoy, Win or lose, Mayweather is going to earn nine figures?! Pacquiao, fight me? I know you can knock me out. #MayweatherPacquiao, India 
Sat May 02 08:01:00 +0000 2015, @10eLism, Sabi na ehh. Its gonna be a victorious weekend for the Philippines. Now its time for a Pacman win!, Philippines 
Sat May 02 08:01:00 +0000 2015, @jammie_lekki, -=-0!!!!. Fwd: Nicki Minaj and beau Meek Mills arrive Vegas for the Mayweather and Pacquiao fight http://t.co/VluqIxYr5S,  
Sat May 02 08:02:26 +0000 2015, @AdamAP_, @MannyPacquiao the true champions . tomorrow is the best day for pacman #MayweatherPacquiao,  
Sat May 02 08:02:26 +0000 2015, @jonfish78, Think Mayweather may of bitten off more than he can chew today. Manny has the best cornerman in the world, and true humility. #Pacquiao, England 
Sat May 02 08:02:27 +0000 2015, @NegSulBrasil, Mayweather vs. Pacquiao: Es el nombre con el que se le conoce a la esperada pelea de boxeo entre el norteameri... http://t.co/a0hWng48wA,  
Sat May 02 08:02:27 +0000 2015, @bethieo421, Yup, enjoy the fight...takes a big man to beat on a woman. In front of your kids. More than once. #douchebag https://t.co/7Ubd3sJU92,  
Sat May 02 08:02:28 +0000 2015, @royaltomlinsonx, @royaltomlinsonx I can never spell pacquiao right smh,  
Sat May 02 08:02:28 +0000 2015, @dangerousattack, I will give anyone 10,000/1 on this if you want to place a side bet  https://t.co/R8ObkNjwQL, 100% Matched deposit  
Sat May 02 08:02:28 +0000 2015, @Me___Adam, Alvarez would batter Pacman. How are you saying Floyd won't?, Hastings UK 
Sat May 02 08:02:28 +0000 2015, @StreetRadioHype, LATEST UPDATE: The Fighters Whove Lost To Floyd Mayweather Explain Why Hes So Hard To Beat http://t.co/6GNmzofI1R, Oyo State,Nigeria 
Sat May 02 08:02:28 +0000 2015, @mldypna, COM'ON PACQUIAO!!!  #filipino #pinoypride #mayweatherxpacquiao #laban #itsalllovebaby https://t.co/hdPs5r1pnM,  
Sat May 02 08:02:29 +0000 2015, @rebszozo, Morning #TeamPacquiao, Botswana 
Sat May 02 08:02:29 +0000 2015, @kahlillakay, @alanamoffat I'm putting $5 on Floyd,  
Sat May 02 08:02:29 +0000 2015, @AutoBant, @GriffithsDetail Just gonna wake up for the fight I reckon, think mayweather will have him the 6th. That's an AB top tip , Visit our pop-up shop below! 
Sat May 02 08:02:29 +0000 2015, @WrestlingInc, Floyd Mayweather Vs. Manny Pacquiao "Fight Of The Century" Preview, PPV Coverage Saturday http://t.co/Se6xizYgTl, Denver, CO 
Sat May 02 08:02:29 +0000 2015, @kiyanaFORtbt, LATEST JIST: The Fighters Whove Lost To Floyd Mayweather Explain Why Hes So Hard To Beat http://t.co/HsbFW4YXaZ,  
Sat May 02 08:02:30 +0000 2015, @andresbmRM, El FINDE viene cargadito ! 
Real Madrid-Sevilla
Pacquiao-Maywather 
Moto3, moto2 y moto GP, La Palma  
Sat May 02 08:02:30 +0000 2015, @KickUpOrShutup, Lol May bugging

Floyd Mayweather fails in challenge to Manny Pacquiao's preapproved gloves
http://t.co/Qlo3z0tbkV

Sent via BlinkFeed,  
Sat May 02 08:02:30 +0000 2015, @Anneeeeng, Win or Lose #TeamPacquiao \mm/ :))),  
Sat May 02 08:02:30 +0000 2015, @valencia_mars, Pacquiao naman , MNL , PHIL 
Sat May 02 08:02:31 +0000 2015, @basicshanks, @Harry_Styles Pacquiao or Mayweather? Hm, #1 giomas shipper !  
Sat May 02 08:02:31 +0000 2015, @renaldoclive, FIGHT NIGHT, the pacman is going to surprise us all and take Mayweather down towwwn.... Unless it goes to points..... Which is wak..#pacman,  
Sat May 02 08:02:31 +0000 2015, @Marchishio_, Mayweather vs Pacquiao later today.,  
Sat May 02 08:02:31 +0000 2015, @NatesDailies, @ccrouch2016 Hoping Pacman will win but I can see it going both ways., Vancouver 
Sat May 02 08:02:31 +0000 2015, @MichaelRyan24_7, All about tonight, fight of the century, Mayweather v Pacquiao. No finer venue than the MGM Grand to honour it. #mgmgrand #MayPac, West Sussex, England  
Sat May 02 08:02:31 +0000 2015, @enzo_van, Mayweather v Pacquiao: what the fight of the century says about America | Kevin Mitchell http://t.co/Usl0mA4b9p,  
Sat May 02 08:02:32 +0000 2015, @Sledrick_, I'm slick starting to think Mayweather shook a lil bit. His ego may be the cause of him losing this fight. He is nowhere near humble, Where God places me! Chatt Tn 
Sat May 02 08:02:31 +0000 2015, @_CBASh, @UceJay925 @JayKaho @Brand0nSilva who said I was goin for Pacman???lol, IN SOCAL but SAN JO RAISED ME 
Sat May 02 08:02:32 +0000 2015, @senialexandria, Mayweather , Arizona  
Sat May 02 08:02:32 +0000 2015, @noticias_murcia, La Opinin de Murcia El combate entre Mayweather y Pacquiao, en nmeros http://t.co/VeFIBem29N,  
Sat May 02 08:02:32 +0000 2015, @RSSmedios, Pacquiao pes 145 libras (65,8 kg) y Mayweather 146 (66,2) http://t.co/g4Slcdg2RL va @sportyou,  
Sat May 02 08:02:33 +0000 2015, @AChavv22, Money on pacman tomorrow.. You ain't down, Flagstaff, AZ 
Sat May 02 08:02:33 +0000 2015, @mtonino, #NowPlaying Julia Dream - 1996 Digital Remaster di Pink Floyd  http://t.co/BgbZMr28xz, Roma 
Sat May 02 08:02:33 +0000 2015, @CeredaAndrea, #boxe #pugilato l'importanza di Floyd Mayweather vs Manny Pacquiao http://t.co/aMGpbHnb39, Vigevano  
Sat May 02 08:02:33 +0000 2015, @steve_wilks1990, @LeightonGauci Mayweather to win the second round 45/1 #whynot,  
Sat May 02 08:02:33 +0000 2015, @javisendin, Question today is....who will reign? Money Mayweather vs. PacMan Pacqiao.....seconds out!!! http://t.co/Xicg5GyT0Y, Madrid, Spain 
Sat May 02 08:02:34 +0000 2015, @Adelat86, "@DealDey: Mayweather VS Pacquiao. Who wins, and after how many rounds? #KnockoutWeekend" Mayweather, After 8 rounds,  
Sat May 02 08:02:34 +0000 2015, @Banenggggggg, Nanalo ngayon sa Volleyball sana bukas manalo din si Pacquiao #LabanPilipinas #LabanManny,  
Sat May 02 08:02:35 +0000 2015, @Sowden18, If the Royal Baby is a boy I as a taxpayer think he should be named after tonights winner either Floyd or Manny, Castleford 
Sat May 02 08:02:35 +0000 2015, @MJanettita, Los habitantes de Filipinas tendrn que ahorrar luz para ver la pelea entre Pacquiao y Mayweather, Morelia, Mich 
Sat May 02 08:02:35 +0000 2015, @JayKaho,  https://t.co/sIc6xbBYyB,  
Sat May 02 08:02:36 +0000 2015, @Slick_sleazy10, If this was 3 years ago pacquiao for me but jst can't see him keeping up for 12 rounds seeing Floyd lose would still be cool tho :) #MayPac, kitwe,zambia 
Sat May 02 08:02:36 +0000 2015, @GirlWithBoySwag, Mayweather has the cutest face,  
Sat May 02 08:02:36 +0000 2015, @Ben_Almond, @G17ORK manny round 5 or 6, mayweather 9 or 10, it'llprobably be a points win for mayweather but odds are shit for that so cba ha you?, Adlington, Lancashire, England 
Sat May 02 08:02:36 +0000 2015, @puttnpdx, Mayweather vs. Pacquiao -- The Drinking Game - While Manny and Floyd are knocking each other's heads off, millions... http://t.co/jbmTK70dEc, Sunny South florida  
Sat May 02 08:02:36 +0000 2015, @Thunderflask, @JennJennJenna Yeah, Floyd is a hard target and Pac is going to attack, so could gas. But it's going to be fun watcjing!, God's Gift. 
Sat May 02 08:02:36 +0000 2015, @itsangelayumul, KAY PACMAN NAMAN BUKAS YAY, Hogwarts Castle 
Sat May 02 08:02:36 +0000 2015, @CabungcalSc, manny last 10 seconds ng 12 round mo patumbahin si Mayweather.........
#TeamPacquiao................,  
Sat May 02 08:02:36 +0000 2015, @naijaleakers, Mayweather vs Pacquiao: Nicki Minaj and Boo Meek Mill Arrive Las Vegas In Style http://t.co/CnKuVkOYvy http://t.co/V3Z7jUVXGZ, Lagos 
Sat May 02 08:02:36 +0000 2015, @9xfilter, Mayweather pondje zwaarder dan Pacquiao  http://t.co/RODaxGeu0D,  
Sat May 02 08:02:36 +0000 2015, @KarliT4Oficial, Los habitantes de Filipinas tendrn que ahorrar luz para ver la pelea entre Pacquiao y Mayweather, Morelia, Mich 
Sat May 02 08:02:36 +0000 2015, @Thomascoffie7, yet to see...
 https://t.co/sXqfCE6kL6, Ghana 
Sat May 02 08:02:36 +0000 2015, @facebookservic1, Mayweather vs. Pacquiao -- The Drinking Game - While Manny and Floyd are knocking each other's heads off, millions... http://t.co/ulMRHTiy0d,  
Sat May 02 08:02:36 +0000 2015, @LooneytuneQuyum, Mayweather vs Pacquiao: Nicki Minaj and Boo Meek Mill Arrive Las Vegas In Style http://t.co/Eh6MCjKqKD http://t.co/dxopqyKsSk, GIDI 
Sat May 02 08:02:37 +0000 2015, @Maxsmith98x, I'm kind of jumping on the bandwagon for this Mayweather Pacquiao fight, but I can't wait for it in all honesty, Droitwich 
Sat May 02 08:02:37 +0000 2015, @BaddestPR, Nicki Minaj and beau Meek Mills arrive Vegas for the Mayweather and Pacquiao fight http://t.co/tBTjWLmu5M, Nigeria 
Sat May 02 08:02:37 +0000 2015, @do_followme, 'Zoveel geld voor een boksgevecht... Waanzin!' - De gekte rond 'het gevecht van de eeuw' tussen Floyd Mayweather e... http://t.co/rnF6a99lzO,  
Sat May 02 08:02:37 +0000 2015, @KaskusAHAY, Purity at heart of Mayweather-Pacquiao http://t.co/9zoRRRQm5f @rarasathie_,  
Sat May 02 08:02:38 +0000 2015, @iam_anyaegbu, Mayweather vs Pacquiao: Nicki Minaj and Boo Meek Mill Arrive Las Vegas In Style http://t.co/wRdgFYQnwg http://t.co/p5yQUeIYEp,  
Sat May 02 08:02:38 +0000 2015, @andre_etwi, @MrChampionaire No way he lost to the competition of his era. Not as dominating as Floyd, Rocky or Sugar Ray Robinson., North side of the river  
Sat May 02 08:02:38 +0000 2015, @crazypaaam, Bukas sana si pacquiao din manalo, Philippines 
Sat May 02 08:02:38 +0000 2015, @bobbit2266, Purity at heart of Mayweather-Pacquiao: Purity at heart of Mayweather-Pacquiao fight http://t.co/pzhXKIBV6J, The Universe 
Sat May 02 08:02:38 +0000 2015, @abductednourry, Sana naman manalo bukas si pacquiao #BestFandomCA2015 Directioners, nchllsqdnsptrgsdckvrgnt 
Sat May 02 08:02:38 +0000 2015, @aslup, Purity at heart of Mayweather-Pacquiao http://t.co/SVPuv05y0G #News,  
Sat May 02 08:02:38 +0000 2015, @ReferralKings, Mayweather vs. Pacquiao -- The Drinking Game - While Manny and Floyd are knocking each other's heads off,... http://t.co/qMOJrS0WJ2,  
Sat May 02 08:02:38 +0000 2015, @Tweetcubey, Loool @Tha_Mentalist: Mayweather will come in wit all d boring american artistes", Nigeria 
Sat May 02 08:02:39 +0000 2015, @Spaasn, #sportsnews What time does the Mayweather vs Pacquiao fight begin tonight and what TV ... - http://t.co/C51ypGIUrk http://t.co/15nKw30P9D, London 
Sat May 02 08:02:39 +0000 2015, @TAEHYUNGDALAWA, tomorrow O.O #teampacquiao, (exo, bts, red velvet)  
Sat May 02 08:02:39 +0000 2015, @Doctorcreepy, I hope mayweather&amp; manny both die., Colorado 
Sat May 02 08:02:39 +0000 2015, @WatchTVChannels, Purity at heart of Mayweather-Pacquiao http://t.co/Igf3qdReMA http://t.co/FLreqkpteK http://t.co/FLreqkpteK,  
Sat May 02 08:02:40 +0000 2015, @JBB_08, Mayweather and Pacquiao promise to deliver on hype, Philippines 
Sat May 02 08:02:40 +0000 2015, @BatugaraOnline, Purity at heart of Mayweather-Pacquiao http://t.co/8jORZ0TRsx #botSOLID, Batugara|Sumedang (Jawa Barat) 
Sat May 02 08:02:40 +0000 2015, @xbliss2, Purity at heart of Mayweather-Pacquiao http://t.co/4wUFnai44f, LA: 6.4926881,3.338513 
Sat May 02 08:02:40 +0000 2015, @Alan_Anderson7, Purity at heart of Mayweather-Pacquiao http://t.co/v46qkW6Mjp,  
Sat May 02 08:02:40 +0000 2015, @SlickLirik, Wo chame de Money u Pacman fight luege i de schwiiz?, Aarau, Bitch 
Sat May 02 08:02:40 +0000 2015, @khalidrafiq119, Purity at heart of Mayweather-Pacquiao http://t.co/5zvNGl8xZF #BBC,  
Sat May 02 08:02:40 +0000 2015, @xrlent, BBC -  Purity at heart of Mayweather-Pacquiao http://t.co/Laka2z0K4a, Worldwide 
Sat May 02 08:02:40 +0000 2015, @Koran_Inggris, Purity at heart of Mayweather-Pacquiao http://t.co/MwYaqHHTqc, Worldwide 
Sat May 02 08:02:40 +0000 2015, @Marie____Taylor, Purity at heart of Mayweather-Pacquiao http://t.co/5gd88lwZeM,  
Sat May 02 08:02:40 +0000 2015, @lookup9ja, LATEST STORY: The Fighters Whove Lost To Floyd Mayweather Explain Why Hes So Hard To Beat http://t.co/AO6dWTGDvr, Nigeria 
Sat May 02 08:02:40 +0000 2015, @imJinri94, Purity at heart of Mayweather-Pacquiao http://t.co/sRq4ilLKlY,  
Sat May 02 08:02:41 +0000 2015, @MeLMoney376, @1future mayweather or pac man ?, EIGHTSIXTY CT 
Sat May 02 08:02:41 +0000 2015, @RidhoHnf, #TeamFollowBack Purity at heart of Mayweather-Pacquiao http://t.co/HdkXrTnQH1 #AutoFollowback,  
Sat May 02 08:02:41 +0000 2015, @aprildiona, #TeamPacquiao, land below the wind 
Sat May 02 08:02:41 +0000 2015, @lailing124, Bukas Pacman naman. Hehe #LabanPilipinas, PHL 
Sat May 02 08:02:41 +0000 2015, @iDRadjasa, Purity at heart of Mayweather-Pacquiao http://t.co/UpjbvIY62x, Djakarta Matjet 
Sat May 02 08:02:41 +0000 2015, @david_faded, Mayweather go get that W,  
Sat May 02 08:02:42 +0000 2015, @jonathandenard, Clasico Barca-RMadrid &gt; Mayweather-Pacquiao,  
Sat May 02 08:02:42 +0000 2015, @contact_alien, #XtianDelaOnNationFM Bill Clinton #TeamPacquiao #GoingRed4RedCross  http://t.co/gYPOI0ND0z http://t.co/pIHEOju8MX, Space International 
Sat May 02 08:02:42 +0000 2015, @camysaurus, "floyd mayjunior",  
Sat May 02 08:02:42 +0000 2015, @krs21da, Purity at heart of Mayweather-Pacquiao http://t.co/9Jebik1ZMz,  
Sat May 02 08:02:42 +0000 2015, @SlowestPoison, Purity at heart of Mayweather-Pacquiao http://t.co/z8peiipk7F,  
Sat May 02 08:02:42 +0000 2015, @tko_radio, Guardian newspaper. Why Manny wins: "Pacquiao will be the busier fighter this time around and he will bank rounds." http://t.co/AiEWnCvx2K, UK 
Sat May 02 08:02:42 +0000 2015, @Darren_Maxwell, Floyd Mayweather Will Earn More Than $80 Million For Record Breaking Fight. The fight is expected to generate 250... http://t.co/SHfn4MoUXj, Australia 
Sat May 02 08:02:42 +0000 2015, @SWB_, Purity at heart of Mayweather-Pacquiao http://t.co/JYkh8YoTag, Behind you 
Sat May 02 08:02:42 +0000 2015, @DHMiddleEast, Mayweather vs. Pacquiao: Es el nombre con el que se le conoce a la esperada pelea de boxeo entre el norteameri... http://t.co/10afpqiPrW, www.dhconsultora.com 
Sat May 02 08:02:43 +0000 2015, @Miami_Used_Cars, Miami_Sports Mayweather vs. Pacquiao -- Fire Sale On Tix ... Investors Losing Big $$$ http://t.co/UTa1kt1Pmt, Miami 
Sat May 02 08:02:43 +0000 2015, @PaedoAbuseLiars, Purity at heart of Mayweather-Pacquiao: Purity at heart of Mayweather-Pacquiao fight http://t.co/uUbbHq6S8f #paedobritain, Everywhere 
Sat May 02 08:02:43 +0000 2015, @NewsWorld777, #news Purity at heart of Mayweather-Pacquiao http://t.co/Nsx7uU28wA, World Wide Web 
Sat May 02 08:02:43 +0000 2015, @KangenGaa, Purity at heart of Mayweather-Pacquiao http://t.co/tRICAKsrKU,  
Sat May 02 08:02:43 +0000 2015, @antwowfisher, Mayweather vs Pacquiao: Nicki Minaj and Boo Meek Mill Arrive Las Vegas In Style http://t.co/5MyOnhu79z http://t.co/Vprednhaxh, LONDON 
Sat May 02 08:02:43 +0000 2015, @GistmiiDOTcom, #Oya9jaGistMii! Floyd Mayweather v Manny Pacquiao Tonight - Venue: MGM Grand, Las Vegas. Date: 2/3 May. Time:... http://t.co/nsqdIpAxls, InDWoodz, HollyWood, Nigeria. 
Sat May 02 08:02:43 +0000 2015, @tomnotsolittle, @froggatt9671 @JamesHelder_ @KuganCassius Mayweather May what about you,  
Sat May 02 08:02:43 +0000 2015, @Appsoko, MANNY PACQUIAO: How the most interesting man in boxing spends his $400 million http://t.co/lLxdCu8eJZ  #trending #Startups, Global  
Sat May 02 08:02:44 +0000 2015, @NakaBahag, Mayweather all the way! #MayPac #PacMay, Worldwide 
Sat May 02 08:02:44 +0000 2015, @Euniger, #maturin Floyd Mayweather vs. Manny Pacquiao: definirn quin es mejor pgil en 'la pelea del siglo' http://t.co/muQxL79qZH, Rep. Bolivariana de Venezuela 
Sat May 02 08:02:44 +0000 2015, @MyPreciousS9, Ti  thch video http://t.co/EOgLBlNLFE Greatest Hits: Manny Pacquiao (HBO Boxing) trn @YouTube,  
Sat May 02 08:02:44 +0000 2015, @REALINDIEHIPHOP, COACH ALI NEWS Mayweather vs. Pacquiao -- The Drinking Game - While Manny and Floyd are knocking each other's head... http://t.co/dzO5wcC8n7,  
Sat May 02 08:02:44 +0000 2015, @telegraafticker, Mayweather pondje zwaarder dan Pacquiao http://t.co/4eOwZ0BW3h,  
Sat May 02 08:02:44 +0000 2015, @Daafiiiii27, Purity at heart of Mayweather-Pacquiao http://t.co/2mb2114JC3,  
Sat May 02 08:02:45 +0000 2015, @rickrick888, Purity at heart of Mayweather-Pacquiao: Purity at heart of Mayweather-Pacquiao fight http://t.co/PVnDQoMO9Y,  
Sat May 02 08:02:45 +0000 2015, @RafaBlancaEFN, Se viene noche histrica  https://t.co/OrwFnbW341,  
Sat May 02 08:02:45 +0000 2015, @garyhumphries1, @gnc_co_uk @GNC_Birmingham @KineticaSports...Doh!...I'm working... Booked tmoro off though...Staying up to watch pacquiao beat Mayweather , Birmingham 
Sat May 02 08:02:45 +0000 2015, @ota82295024, Purity at heart of Mayweather-Pacquiao http://t.co/lzSXuVmEdE,  
Sat May 02 08:02:45 +0000 2015, @jaimepieiro, @davidbermejo50 dices? Tengo confianza en Pacquiao, igual te llevas una sorpresa, Burgos, 4221' N 341' O 
Sat May 02 08:02:45 +0000 2015, @stangomezgrande, Pacquiao vs Mayweather tomorrow , Straya Cunt 
Sat May 02 08:02:46 +0000 2015, @JakHussain_, Lets get ready to rumble! Looking forward to the #MayweatherPacquiao tonight! Who are your odds on? #TeamPacquiao, London 
Sat May 02 08:02:46 +0000 2015, @obisingledigit, Most are rooting for Pacquiao cos he's the "good guy"&amp;the one with the more impoverished roots. I'm going for Money cos bad guys always win, Naboo 
Sat May 02 08:02:46 +0000 2015, @Fertigos, Purity at heart of Mayweather-Pacquiao http://t.co/q0SyaYybEZ,  
Sat May 02 08:02:46 +0000 2015, @herlhay, Purity at heart of Mayweather-Pacquiao http://t.co/ybhNFOgIFK http://t.co/AURBcmG3Bl, Lagos, Nigeria 
Sat May 02 08:02:46 +0000 2015, @ayoocarce, this bullshit mayweather and Carmelo fight...@rylanthor http://t.co/jO5No7DUM4,  
Sat May 02 08:02:46 +0000 2015, @MHRNVNDZ, I want Pacquiao to win man but it's hard to go against Mayweather, he's just too good., San Jose,CA 
Sat May 02 08:02:46 +0000 2015, @mrinkredibul, Mayweather got this ,  
Sat May 02 08:02:47 +0000 2015, @rBitcoins, How do I bet on Mayweather? http://t.co/1cKs1RoR8n, Reddit 
Sat May 02 08:02:47 +0000 2015, @oshwns, Purity at heart of Mayweather-Pacquiao http://t.co/gmIAULdppp,  
Sat May 02 08:02:47 +0000 2015, @Amy____Jones, Purity at heart of Mayweather-Pacquiao http://t.co/QJwuJ98sI4,  
Sat May 02 08:02:47 +0000 2015, @MarkRobinson69, Hope #MannyPacquiao puts #Mayweather on his arse #MayweatherPacquiao, Stourbridge 
Sat May 02 08:02:47 +0000 2015, @nishu_mittal, Pacquiao VS Mayweather: Serafim Todorov's advise to Pacquiao! http://t.co/FCle2fc7Pj Serafim Todorov, the last man to beat Floyd Mayweath, India 
Sat May 02 08:02:47 +0000 2015, @Xtianarevalo, Ano it magiging mga topic o mga pakiana katapos kan PACQUIAO?

survey., tacloban city 
Sat May 02 08:02:48 +0000 2015, @Labiolly37, From all analysis, it seems Mayweather is like Mourinho's team. Defend all through and hits you on the counter with a quick combo...#maypac, In your head 
Sat May 02 08:02:48 +0000 2015, @callboydallasx, @camerondallas CAM ARE YOU ON MAY WEATHER OR PACMAN U BETTER CHOOSE ONLY ONE, cameron's 
Sat May 02 08:02:48 +0000 2015, @sach_williamsxo, What time is the fight UK time? #MayweatherPacquiao #Mayweather #PacquiaoMayweather #Pacquiao,  
Sat May 02 08:02:48 +0000 2015, @TKOBOXINGTV, TEDDY ATLAS SAID PACQUIAO WILL BEAT MAYWEATHER BY CONTROVERSIAL DECISION! ANALYSIS VIDEO! (5/1/15) http://t.co/Cb4O0WEnti, www.youtube.com/junfelipe4 
Sat May 02 08:02:48 +0000 2015, @JORHEL_, Purity at heart of Mayweather-Pacquiao http://t.co/8LGGfeeX9B, Lagos,NIGERIA 
Sat May 02 08:02:49 +0000 2015, @maz_christon, @paulhowey85 team Pacman !! Either an early K-O in 2nd or all the way on points! Anything could happen! http://t.co/50XBiMb0iz,  
Sat May 02 08:02:49 +0000 2015, @RichardsonDavin, Why is she really otp arguing w me saying Floyd &amp; Pac have fought before ,  
Sat May 02 08:02:49 +0000 2015, @EnLasGradas_, #EnLasGradas La extravagancia de Mayweather se opone a la cautela poltica de Pacquiao http://t.co/twQGcEscR0, Miami, Florida 
Sat May 02 08:02:49 +0000 2015, @sloanequashie, Mayweather the day has come, north side of that london 
Sat May 02 08:02:49 +0000 2015, @luvthehangover, Mayweather vs. Pacquiao -- The Drinking Game - While Manny and Floyd are knocking each other's heads off, million... http://t.co/rwwee1yCIV,  
Sat May 02 08:02:50 +0000 2015, @hansen_pah, INFO: Timbang Badan, Pertemuan Terakhir Mayweather-Pacquiao Sebelum Mega Tarung: Satu hari sebelum mega tarung... http://t.co/Na3j1u3sfL, Kupang - NTT 
Sat May 02 08:02:50 +0000 2015, @NegSulBrasil, | Mayweather vs. Pacquiao http://t.co/5Q61k6LAB2,  
Sat May 02 08:02:50 +0000 2015, @AustnHill, Floyd not going to win a close fight.. He gone have to KO, still behind the arc 
Sat May 02 08:02:51 +0000 2015, @poskupang, INFO: Timbang Badan, Pertemuan Terakhir Mayweather-Pacquiao Sebelum Mega Tarung: Satu hari sebelum mega tarung... http://t.co/SNPvwT9ly3, Kupang, Indonesia 
Sat May 02 08:02:51 +0000 2015, @francoopeerez, Pues si El Chino Maidana se comi a Mayweather, Paquiao lo destroza, pero ganar por los rbitros., Granada, Espaa 
Sat May 02 08:02:51 +0000 2015, @Honeyyburgers, PH all the way.  https://t.co/IBWdmpTdGW, \nr-si-ss\ 
Sat May 02 08:02:51 +0000 2015, @finkle0, After staying up to watch an incredibly boring weigh in I can't wait to see someone get punched #MayweatherPacquiao #TeamPacquiao, Yorkshire and The Humber, England 
Sat May 02 08:02:51 +0000 2015, @imajinasi8, INFO TERKINI : Timbang Badan, Pertemuan Terakhir Mayweather-Pacquiao Sebelum Mega Tarung: Satu hari sebelum me... http://t.co/KNMU9QYl6V,  
Sat May 02 08:02:52 +0000 2015, @CLASSICREBELS, REBEL NEWS Mayweather vs. Pacquiao -- The Drinking Game - While Manny and Floyd are knocking each other's heads of... http://t.co/2O0JImHRRD, CALIFORNIA 
Sat May 02 08:02:52 +0000 2015, @hawkestoneradio, Pink Floyd - Childhood's End http://t.co/UDZlbl1nwc #nowplaying #listenlive, Toronto, Ontario, Canada 
Sat May 02 08:02:52 +0000 2015, @brenlivz, @Declancampbell head on floyd, heart on floyd for me unbeatable x, Oswaldtwistle 
Sat May 02 08:02:53 +0000 2015, @neng_lia88, Besok... Pacman untuk asia berjaya
InsyaAllah ^_^, kota serang 
Sat May 02 08:02:53 +0000 2015, @MManacpo, ang galing nung nag edit nito....maliit pa 2nd son ni pacquiao at maiksi bujhok ni jinky eh long hair siya ngayon... http://t.co/7UwlPf2hus, taiwan 
Sat May 02 08:02:53 +0000 2015, @jeof_79, Abu Misri Mama, spokesman for Islamic group BIFF, predicts Pacquiao's win vs Mayweather. "As mush as we want to watch, we don't have tv set", Mindanao, Philippines  
Sat May 02 08:02:53 +0000 2015, @actualite24, BOXE. Manny Pacquiao, le boxeur aux mille visages http://t.co/q7CRaZlDFv, France 
Sat May 02 08:02:53 +0000 2015, @ynhyeongs, ok how many pacquiao posts am I gonna see on my fb today,  
Sat May 02 08:02:54 +0000 2015, @KapoKekito, Rewatching this Canelo vs Mayweather fight, Sac State 
Sat May 02 08:02:54 +0000 2015, @balearesnoticia, Diario de Ibiza - El combate entre Mayweather y Pacquiao, en nmeros http://t.co/PNMi35B8kB,  
Sat May 02 08:02:54 +0000 2015, @CheyosWorld, I am into it and I also agree with you. It's time.  https://t.co/iqvHG5T8hz, Bay Area 
Sat May 02 08:02:54 +0000 2015, @0BrunaMoraiis0, Today is Pacquiao's winning day!!!!, Portugal 
Sat May 02 08:02:54 +0000 2015, @AreaCiputat, #SportUpdate  Mayweather, Mourinho, dan 'Boring, Boring Chelsea' http://t.co/ZiXdVvCAHe, Ciputat, Tangerang Selatan 
Sat May 02 08:02:54 +0000 2015, @pvuer, @___deezee he bout to take on Mayweather, tho., theillionaires@gmail.com 
Sat May 02 08:02:54 +0000 2015, @NuruMugambi, I'm not a boxing fan but one can't escape the hype...I'm rooting for  #manny #PacMan,  
Sat May 02 08:02:55 +0000 2015, @NosequeYassin, Mayweather vs Manny Pacquiao  (:,  
Sat May 02 08:02:55 +0000 2015, @todasenuna, Muhammad Al le responde a Floyd Mayweather http://t.co/qPW8kTcSIz http://t.co/ET9pOYDpQi, Venezuela 
Sat May 02 08:02:55 +0000 2015, @tone42022, @SHVWNCOOPER @FloydMayweather yea my way too, team Pacman!!!!!!!!!,  
Sat May 02 08:02:56 +0000 2015, @gafaestelamoll, If you eat donuts for the entire time you listen to Dark Sjde of t e Moon by Pink Floyd, you probably shouldn't.,  
Sat May 02 08:02:57 +0000 2015, @CorkingNiall, @camerondallas CAM! Who will you support? Pacquiao or Mayweather?, 03-22-15 Diamond 
Sat May 02 08:02:57 +0000 2015, @gotbackup2, Mayweather vs. Pacquiao -- The Drinking Game - While Manny and Floyd are knocking each other's heads off, millions... http://t.co/iA5XxwS9DX, online  
Sat May 02 08:02:57 +0000 2015, @Veedy_F_Baby, Mayweather might lose yo..., YM 9 NewOrleans #CowboysNation 
Sat May 02 08:02:58 +0000 2015, @mckenziepenmann, And the day has finally come!!SPENNYSHOW AND MAYWEATHER FIGHT!! Good luck to my main man today and good luck to my little tys! Smash it lads,  
Sat May 02 08:02:57 +0000 2015, @McilroyUpdate, McIlroy needs to rush; ticket prices fall; Pacquiao eats http://t.co/a6smq0ASrK http://t.co/H0tLkCtBvl, San Francisco, CA 
Sat May 02 08:02:58 +0000 2015, @beekay_victoria, The Fighters Whove Lost To Floyd Mayweather Explain Why Hes So Hard To Beat http://t.co/OwOl6arZbI, Ogbomoso 
Sat May 02 08:02:59 +0000 2015, @Ivan_gam3r, Vamos Pacquiao alegrame el cumpleaos revientale, Valencia( Espaa) 
Sat May 02 08:02:59 +0000 2015, @carlwastie, If you got to choose the WALK OUT HYPE tracks for Manny and Floyd ahead of #TheFightOfTheCentury What would they be? &amp; WHY? #GHFMHOT30, Cape Town 
Sat May 02 08:02:59 +0000 2015, @JasperPlunkett, #TeamPacquiao #MayweatherPacquiao,  
Sat May 02 08:03:00 +0000 2015, @parrotfm, The Fighters Whove Lost To Floyd Mayweather Explain Why Hes So Hard To Beat http://t.co/usbkYfCmfy, worldwide 
Sat May 02 08:03:00 +0000 2015, @PodgeDwyer, Today's the big day! Mayweather fights Pacquiao and @ShamrocksGAA1 are back in the big time. Senior championship let's be avin ya., Ireland 
Sat May 02 08:03:00 +0000 2015, @dyenelalala, Nagdadalawang isip ako kung ipupusta ko ba pera ko kay Pacman bukas. Hahaha baka mawalan ako ng pera panuod sa PSHR pg natalo , Phils 
Sat May 02 08:03:00 +0000 2015, @am_bonmatin, #Pacquiao 

Going to start my chant early doors,  
Sat May 02 08:03:00 +0000 2015, @RoryHaze_, Lol nana Mayweather gonna batter him  https://t.co/D9XTtcEYYi, Birmingham.uk 
Sat May 02 08:03:01 +0000 2015, @nishu_mittal, Pacquiao VS Mayweather: Serafim Todorov's advise to Pacquiao! http://t.co/FCle2fc7Pj, India 
Sat May 02 08:03:01 +0000 2015, @DoubleUEvans, Money Mayweather all day!,  
Sat May 02 08:03:01 +0000 2015, @JeromeDGonzales, Gudluck bukas ! :D galingan mo ! Nandito kami lahat suporta sayo pacman! Gagabayan ka ni Lord!

#PacWins, General Trias,Cavite 
Sat May 02 08:03:02 +0000 2015, @NIALLH0RNY, rumor lang daw beh https://t.co/QXV6xaf442,  
Sat May 02 08:03:03 +0000 2015, @ymlc21, #MayweatherPacquiao #Mayweather #CRACKS,  
Sat May 02 08:03:04 +0000 2015, @Pinedajoshuaa, Pacquiao nman bks,  
Sat May 02 08:03:04 +0000 2015, @JimJarmuschHair, I'm not watching the fight tomorrow unless Mayweather finally reads a page of Harry Potter out loud., Los Angeles 
Sat May 02 08:03:04 +0000 2015, @smileyche28, For the win!! For the country!! Go manny!!  #TeamPacquiao, lives in a planet called Earth 
Sat May 02 08:03:05 +0000 2015, @eyesgonzales, No blackouts tomorrow, Meralco assures Pacman fans   @PhilstarNews https://t.co/334llLlubA via @sharethis, Manila, Philippines, 
Sat May 02 08:03:05 +0000 2015, @Darkboi_LDB, Majority of the Whites &amp; Asians want Manny Paquio to win so bad, and blacks just support Floyd cause he's black.. I'm sorry but it's true, L O N D O N 
Sat May 02 08:03:06 +0000 2015, @iamOlafeezy, Mayweather vs Pacquiao: Nicki Minaj and Boo Meek Mill Arrive Las Vegas In Style http://t.co/hiVbZ6zNyw http://t.co/IhL0nm1muC, Lagos, Nigeria 
Sat May 02 08:03:06 +0000 2015, @looneytune_ihm, Mayweather vs Pacquiao: Nicki Minaj and Boo Meek Mill Arrive Las Vegas In Style http://t.co/9UZlROvTpz http://t.co/5T4HkOigW4, Lasgidi 
Sat May 02 08:03:06 +0000 2015, @mz_taiwotohcute, The Fighters Whove Lost To Floyd Mayweather Explain Why Hes So Hard To Beat http://t.co/wT1xDxn17Q, Ibadan 
Sat May 02 08:03:06 +0000 2015, @coltliqiouz, Timbang Badan, Pertemuan Terakhir Mayweather-Pacquiao Sebelum Mega Tarung http://t.co/4wY8V2Jarl http://t.co/D0IZXzfM7Y, Malang, Indonesia 
Sat May 02 08:03:06 +0000 2015, @pearlmcarthy, Mayweather vs Pacquiao: Nicki Minaj and Boo Meek Mill Arrive Las Vegas In Style http://t.co/kkylRDJoKP http://t.co/vXSzDzNDPM,  
Sat May 02 08:03:06 +0000 2015, @4leoM, 18h avant Mayweather - Pacquiao ,  
Sat May 02 08:03:06 +0000 2015, @MoMohamed_Ade, We all know Mayweather is winning tomorrow ,  
Sat May 02 08:03:06 +0000 2015, @90min_Football, 7 Footballers Who Could Take on Mayweather or Pacquiao in the Ring http://t.co/8ZlzlvGFTK,  
Sat May 02 08:03:06 +0000 2015, @balilicious, Demi Menonton Pacman, Warga Filipina Diminta Mematikan Listrik. Loh? http://t.co/Cw5JRJ0PAJ #balilicious,  
Sat May 02 08:03:07 +0000 2015, @Dxlu_, @zzyzx91 Floyd has beaten 3 southpaws and the same shoulder roll came in handy. Chill,  
Sat May 02 08:03:07 +0000 2015, @JohnMarchini, Purity at heart of Mayweather-Pacquiao http://t.co/DNd0gDZwmE http://t.co/BHfcrwI4lX,  
Sat May 02 08:03:07 +0000 2015, @JUANDOZA13, I still remember the Pacquiao / Bradley fight .. Do you !? That was good night haha, Tucson , Az 
Sat May 02 08:03:07 +0000 2015, @_Jeeyneel, sunod kay pacquiao naman, Bulacan 
Sat May 02 08:03:07 +0000 2015, @Boothroyd86, @DannyVilia81 @Paul_Nadirehs Mayweather will slow it down to his speed,  
Sat May 02 08:03:07 +0000 2015, @ceritadenpasar, Demi Menonton Pacman, Warga Filipina Diminta Mematikan Listrik. Loh? http://t.co/Y9Gfe42ADQ, Bali 
Sat May 02 08:03:08 +0000 2015, @tlbuzzer, Purity at heart of Mayweather-Pacquiao http://t.co/NBjE9HbwVl, Earth and beyond 
Sat May 02 08:03:08 +0000 2015, @Jairlak, "@TMZ_Sports: Mayweather vs. Pacquiao -- The Drinking Game http://t.co/A6pfSRvy24" @punk_nnd @titi_jetira @cesarestig, Las Breas, Santo Tome, Arg 
Sat May 02 08:03:08 +0000 2015, @KennithDRennie, Purity at heart of Mayweather-Pacquiao http://t.co/I5HaYJA51P,  
Sat May 02 08:03:08 +0000 2015, @juanmuriango, Purity at heart of Mayweather-Pacquiao http://t.co/dbQb2mTFLX, Nairobi , Kenya 
Sat May 02 08:03:08 +0000 2015, @iRSSNews, #News Purity at heart of Mayweather-Pacquiao http://t.co/s0TbLyws3P via @BBC,  
Sat May 02 08:03:08 +0000 2015, @freshNM, Purity at heart of Mayweather-Pacquiao: Purity at heart of Mayweather-Pacquiao fight http://t.co/keuvpztSyf,  
Sat May 02 08:03:08 +0000 2015, @Skibabs, Purity at heart of Mayweather-Pacquiao: Purity at heart of Mayweather-Pacquiao fight http://t.co/RRnwAodVyv #Skibabs, Global 
Sat May 02 08:03:08 +0000 2015, @movievideo1, #ios #iphone #ipad Purity at heart of Mayweather-Pacquiao http://t.co/nQTQJb7em8 #app http://t.co/GIwiZCUEYU,  
Sat May 02 08:03:08 +0000 2015, @salmaen_aee, Purity at heart of Mayweather-Pacquiao http://t.co/5gUSu449bg, Malang - Pandeglang 
Sat May 02 08:03:08 +0000 2015, @guilhermecorde, Purity at heart of Mayweather-Pacquiao http://t.co/swYhol44fe,  
Sat May 02 08:03:09 +0000 2015, @avrupa_yakasi, Floyd Mayweather ve Manny Pacquiao, yeni bir rekorun krlaca ma iin ringe kyorlar. http://t.co/CfBWzRhmRx,  
Sat May 02 08:03:09 +0000 2015, @moviesvideo3, #ios #iphone #ipad Purity at heart of Mayweather-Pacquiao http://t.co/ZngZve14V2 #app http://t.co/XSUlCJgfMC,  
Sat May 02 08:03:09 +0000 2015, @Raymond_Osalla, Go! #TeamPacquiao #Pacman #FightOfTheCentury, Philippines 
Sat May 02 08:03:09 +0000 2015, @RiseKuwabara, Purity at heart of Mayweather-Pacquiao: Purity at heart of Mayweather-Pacquiao fight http://t.co/YyU9uJJ8lV, USA 
Sat May 02 08:03:09 +0000 2015, @Infantbless, I liked a @YouTube video from @kevinedwardsjr http://t.co/um9vBKuPuX MAYWEATHER VS. PACQUIAO, Long Beach  
Sat May 02 08:03:10 +0000 2015, @SmartoBaba1, I hope Pac wins...though I feel the outcome is already arranged to favour Mayweather...or a draw, and then rematch. #MayweatherPacquiao, Every 
Sat May 02 08:03:11 +0000 2015, @TodoelFitness, @bellacreacion El combate entre Pacquiao vs Mayweather en Streaming en http://t.co/Nh8JGQK13N,  
Sat May 02 08:03:11 +0000 2015, @s_leesa22, OMG. nice manny! https://t.co/qx0BszldSm, Los Angeles, CA 
Sat May 02 08:03:11 +0000 2015, @EnLasGradas_, #EnLasGradas Las leyendas: gana Mayweather si se va a la distancia http://t.co/ME3wWGRMyG, Miami, Florida 
Sat May 02 08:03:12 +0000 2015, @monsif35, Purity at heart of Mayweather-Pacquiao: Purity at heart of http://t.co/tDms08mEVv  @verified @monsif35 http://t.co/j3IizTvorc, Non lieu 
Sat May 02 08:03:12 +0000 2015, @pariupesport, ProSport: Floyd Mayweather, huiduit la cntarul oficial de dinaintea meciului cu Pacqua... http://t.co/Yv6w34af7W http://t.co/g6aCwKk0Ta,  
Sat May 02 08:03:12 +0000 2015, @Sswineamer69, @MannyPacquiao Play "Volbeat - A Warrior's Call" for tomorrow's fight!! #TeamPacquiao, Winnipeg Manitoba 
Sat May 02 08:03:13 +0000 2015, @picko1607, @birch_ste haha think floyd has the edge but would love pacman to do it i backed him rounds 10-12 just for the odds 40/1, St.helens 
Sat May 02 08:03:13 +0000 2015, @Haffiz21, PACMAN  http://t.co/qha9NC2Zf5, +673 
Sat May 02 08:03:13 +0000 2015, @ebarberanc, Pacquiao-Mayweather: &lt;br /&gt;Las Vegas ser Kinsasa http://t.co/X6VI3cjXQB, 40.4847,-3.977075 
Sat May 02 08:03:14 +0000 2015, @Andres_Records, Purity at heart of Mayweather-Pacquiao http://t.co/52BShnMbYC http://t.co/dRfPiWnXRc, Worldwide 
Sat May 02 08:03:14 +0000 2015, @RainyDayCo, Mayweather vs. Pacquiao -- The Drinking Game While Manny and Floyd are knocking each other's heads off, millions of fans will be getting kn, Worldwide 
Sat May 02 08:03:14 +0000 2015, @Mediagig, Since no non-MGM Las Vegas Hotel can show the Mayweather-Pacquaio Fight, here's what a MGM restaurant is charging! https://t.co/jfH5so02cJ, Los Angeles, California 
Sat May 02 08:03:15 +0000 2015, @SaamPark01, May 2nd is here! #TeamPacquiao http://t.co/JfKuIc9cPs, Swindon 
Sat May 02 08:03:15 +0000 2015, @BetsforyouFree, #Pacquiao to beat #Mayweather 6/1 for new customers of 888sport. Here &gt;  http://t.co/B5NtrG4DEc http://t.co/IFjnpMm2oD,  
Sat May 02 08:03:15 +0000 2015, @oluwami, Sure by evening the only thing on my TL will the Mayweather/Pacquiao fight.,  
Sat May 02 08:03:15 +0000 2015, @bookiesbestbets, #Pacquiao to beat #Mayweather 6/1 for new customers of 888sport. Here &gt;  http://t.co/H0Fej5z3Zc http://t.co/BX6UqzDPDz, London 
Sat May 02 08:03:16 +0000 2015, @TicTacTonyyy, @erikaliragomez yeah I ordered it lol who you got, bitchass Pacquiao? Lol, Houstatlanatavegas 
Sat May 02 08:03:16 +0000 2015, @FreeDealsBets, #Pacquiao to beat #Mayweather 6/1 for new customers of 888sport. Here &gt;  http://t.co/ajpUdDWynd http://t.co/0alUc5u4Wh, London 
Sat May 02 08:03:16 +0000 2015, @kxmll, @camerondallas pacquiao or mayweather? Hey cam!!!, 03.21.15 
Sat May 02 08:03:16 +0000 2015, @phuketgazette, Mayweather vs Pacquiao Fight of the Century to break records in the ring and at the box office http://t.co/KBsZdVRsvg, Phuket Thailand 
Sat May 02 08:03:16 +0000 2015, @MrBookieBasher, #Pacquiao to beat #Mayweather 6/1 for new customers of 888sport. Here &gt;  http://t.co/77Lv9OweZ1 http://t.co/mXb4nr1vhZ, London 
Sat May 02 08:03:17 +0000 2015, @RacingOffers4U, #Pacquiao to beat #Mayweather 6/1 for new customers of 888sport. Here &gt;  http://t.co/X9zfn9D6Ev http://t.co/E6y5LrkR2R, London 
Sat May 02 08:03:17 +0000 2015, @ginjanine, #TeamPacquiao, justinbieber 
Sat May 02 08:03:17 +0000 2015, @karla02ortiz, #QUIENESLUCAH va a peliar contra el Mayweather?,  
Sat May 02 08:03:18 +0000 2015, @iammooomai, See you tmr Araneta! Haha san mamigay ng Laban Pacman na merch. Char!, Argentina 
Sat May 02 08:03:18 +0000 2015, @danielgambler, #TeamPacquiao am for the philiphines, 254 
Sat May 02 08:03:19 +0000 2015, @FRANCESBUCKLEYY, Tonight's the night  #TeamPacquiao, Teesside  
Sat May 02 08:03:19 +0000 2015, @Downfader, My thoughts are that Manny could win this, could be Mayweather's first proper defeat http://t.co/HfeVRORRbu, South Hampshire 
Sat May 02 08:03:20 +0000 2015, @singtomeidol, They were talking about Mayweather in tv earlier and I  saw Justin , Bucharest - Romania 
Sat May 02 08:03:20 +0000 2015, @leyuuuu, Kay pacman naman bukas  #LabanPilipinas #GoMAnny, ginebra / jadine  
Sat May 02 08:03:20 +0000 2015, @_AmirulRazi, cant wait for #MayPac fight! #TeamPacquiao, KL / MY 
Sat May 02 08:03:21 +0000 2015, @hunky_styles, ANO KAMO MANONOOD SI HARRY NG LABAN NI PACQUIAO #BestFandomCA2015 Directioners,  
Sat May 02 08:03:21 +0000 2015, @LenovoNaija, LATEST JIST: The Fighters Whove Lost To Floyd Mayweather Explain Why Hes So Hard To Beat http://t.co/aTJ98HFckO,  
Sat May 02 08:03:21 +0000 2015, @_coleengallardo, Kung daog si pacman, ako naka. Kung pildi siya, imo nako. Ok or ok?,  
Sat May 02 08:03:21 +0000 2015, @odusodusco, LATEST UPDATE: The Fighters Whove Lost To Floyd Mayweather Explain Why Hes So Hard To Beat http://t.co/Kc10GHmKTr,  
Sat May 02 08:03:22 +0000 2015, @MrTonyGrice, @AHughes202 Mayweather all day mate, but I do recon he may touch the canvas early on in the fight, Liverpool 
Sat May 02 08:03:22 +0000 2015, @sukh_mangat58, #TeamPacquiao,  
Sat May 02 08:03:22 +0000 2015, @RyanMRRosales, Gusto ko maging fair sa laban ni Pacquiao at Mayweather. Kaya kung pupusta ako, sa referee ako.  #LabanPilipinas, Batangas City, PH 
Sat May 02 08:03:22 +0000 2015, @JennJennJenna, @_SuperBrad_ rooting for Pac all the way. Worried Floyd will be too good at doing what he always does *practices the shoulder roll* You?,  
Sat May 02 08:03:22 +0000 2015, @runetech009, The Fighters Whove Lost To Floyd Mayweather Explain Why Hes So Hard To Beat http://t.co/OJVHl3BzH7, Nigeria 
Sat May 02 08:03:22 +0000 2015, @Aye_Reyes, #TeamPacquiao , NOVA 
Sat May 02 08:03:23 +0000 2015, @Kream_Mello, Hope pacquaio beat mayweather, New Orleans... 
Sat May 02 08:03:23 +0000 2015, @Funke_Adeleke1, LATEST JIST: The Fighters Whove Lost To Floyd Mayweather Explain Why Hes So Hard To Beat http://t.co/QwlJHadUZZ,  
Sat May 02 08:03:24 +0000 2015, @stangomezgrande, Pacquiao vs Mayweather tomorrow , Straya Cunt 
Sat May 02 08:03:25 +0000 2015, @ajcis, This Is How Las Vegas Protects Floyd Mayweather http://t.co/UIN0dkoSjC,  
Sat May 02 08:03:25 +0000 2015, @vicky_8, http://t.co/KtJgK4iMEL, SALATIGA  
Sat May 02 08:03:25 +0000 2015, @ronxstoppable, Bukas si Pacquiao naman ,  
Sat May 02 08:03:25 +0000 2015, @bbkdsport69, Pacquiao-Mayweather: 10.000... http://t.co/unjvv8Csf2, Lyon 
Sat May 02 08:03:25 +0000 2015, @ClanGunn94, I'm more excited over Chelsea winning league than Pacquiao beating Mayweather. #CFC @ChelseaFC, The Bridge 
Sat May 02 08:03:25 +0000 2015, @omojuwa, Manny is a good guy. Floyd is the bad guy. It is a good thing this is not a movie., The skies | jj@omojuwa.com 
Sat May 02 08:03:25 +0000 2015, @stucole1, @MuscleFoodUK #MayweatherPacquiao #mayweather to win by points or late stoppage rounds 10 or 11, uk 
Sat May 02 08:03:26 +0000 2015, @Fatumoriginal, :| "@ibro__: Crude* "Fatum: All the kewl ppl are Arsenal fans! "@ibro__: The fact that pacman is an Arsenal fan.... I just don't know """, Nigeria 
Sat May 02 08:03:26 +0000 2015, @myksoz, Looking forward to seeing Manny Pacquiao whoop Mayweather's Ass MMMHMMM,  
Sat May 02 08:03:26 +0000 2015, @etima13429473, Nicki Minaj and beau Meek Mills arrive Vegas for the Mayweather and Pacquiao fight http://t.co/VfKHEdQUWf,  
Sat May 02 08:03:27 +0000 2015, @LesetjaZA, I think #PacMan stands a good chance after what I've been hearing though..#MayPac #FightOfTheCentury... 3am We'll be up waiting!!, Africa 
Sat May 02 08:03:27 +0000 2015, @JenAdela, Tonight I pray that I get to witness Mayweather lose a fight tomorrow lol. #TeamPacquiao,  
Sat May 02 08:03:27 +0000 2015, @prodigyafi, Mayweather and paquaio fight tonight is gonna be fab , scotland 
Sat May 02 08:03:27 +0000 2015, @Muhidin_Chedo, Team Money Mayweather leo Pacman anapgwa KO,TkO au kwa Point?, Singida,Tanzania 
Sat May 02 08:03:28 +0000 2015, @joneslotty72, Waiting for the Npp vrs NDC links to the Flyod Mayweather versus
Manny Pacquiao fight
Haha my mind on Buhari versus Goodluck contest., Tema West Communication Team  
Sat May 02 08:03:29 +0000 2015, @VerMasEventos, Aqu podrs disfrutar de la pelea del siglo, Manny Pacquiao Vs Floyd Mayweather HD #PacquiaoMayweather #MayPacTecate https://t.co/CiUfVKkP8W,  
Sat May 02 08:03:29 +0000 2015, @Crofty555Ryan, Tonight #Pacquiao,  
Sat May 02 08:03:30 +0000 2015, @glomarized_23, Beat the May weather! #PacMay #TeamPacquiao, Philippines 
Sat May 02 08:03:30 +0000 2015, @bianx109, Go Manny!  Go Philippines! Si Pacquiao naman. http://t.co/aYysKeCZKi, Quezon City 
Sat May 02 08:03:30 +0000 2015, @Githi_Nji, Mayweather may weather the storm., Nairobi 
Sat May 02 08:03:31 +0000 2015, @MitchOVO, But words of advice: Don't riot if MayWeather loses with violence

Riot if MayWeather loses with Christian music,  
Sat May 02 08:03:31 +0000 2015, @SoftDiva09, LATEST UPDATE: The Fighters Whove Lost To Floyd Mayweather Explain Why Hes So Hard To Beat http://t.co/ktWDcgLBhE, Lagos/Newcastle 
Sat May 02 08:03:31 +0000 2015, @AndrewHaskins85, Mayweather vs Pacquaio Weigh-in http://t.co/RPN5BqbN6d, England 
Sat May 02 08:03:32 +0000 2015, @danablakex, lol @ people so hyped about pacquiao but have never seen any of his fights smh gbye, los angeles 
Sat May 02 08:03:33 +0000 2015, @lcfcluke94, Tonight is the night the world has been waiting for #MayweatherPacquiao #TeamPacquiao, markfield 
Sat May 02 08:03:33 +0000 2015, @Drvssian, Pacquiao :D, Abertzale harroa    
Sat May 02 08:03:33 +0000 2015, @paultwitaBaba, LATEST UPDATE: The Fighters Whove Lost To Floyd Mayweather Explain Why Hes So Hard To Beat http://t.co/6VFh9DYmxO,  Lagos 
Sat May 02 08:03:33 +0000 2015, @hughesyboii08, Mayweather isn't gonna lose ,  
Sat May 02 08:03:33 +0000 2015, @aaronprospere96, @BBCSporf: QUOTE: Manny Pacquiao on Floyd Mayweather. http://t.co/Obfk03QnWZ this is bullshit ,  
Sat May 02 08:03:34 +0000 2015, @itz_TIWASavage, #Oya9jaGistMii! Floyd Mayweather v Manny Pacquiao Tonight - Venue: MGM Grand, Las Vegas. Date: 2/3 May. Time: 21:0... http://t.co/7q5MxDDFid,  
Sat May 02 08:03:34 +0000 2015, @frodebua, Takk for innsiktsfull sak om Mayweather og Pacman, @Pamerotti ! Tettet et stort kunnskapshull hos meg., Bergen, Norway 
Sat May 02 08:03:34 +0000 2015, @modernrevenge, tru https://t.co/XYppdL9OzW, |-/ 
Sat May 02 08:03:34 +0000 2015, @JllnFrnnd, Panalo Volleyball team ngayon, dapat si Pacquiao dn bukas. ,  
Sat May 02 08:03:35 +0000 2015, @JackGreerr, Anything can happen with this mayweather pacquiao fight,  
Sat May 02 08:03:35 +0000 2015, @drennie83, @mutterbhoy @JamesBrogan67 I cannie see by mayweather either,a want pacman to win though., Dumbarton 
Sat May 02 08:03:36 +0000 2015, @canariasnoti, La Opinin - El combate entre Mayweather y Pacquiao, en nmeros http://t.co/kTZjhP1jmj,  
Sat May 02 08:03:37 +0000 2015, @JuanluKitaro, Ojal gane #MannyPacquiao a #Mayweather. #CombatedelSiglo #MayweatherPacquiao, cualquiersitio y ningunaparte  
Sat May 02 08:03:37 +0000 2015, @DanielJ_Mendoza, @matseey  https://t.co/Pqw99XM1p0, OC, Ca--Phx,Az 
Sat May 02 08:03:37 +0000 2015, @davidcunha_, Purity at heart of Mayweather-Pacquiao http://t.co/NVUcZr2Bqq,  
Sat May 02 08:03:38 +0000 2015, @ashwin_musck, Its Manny vs Floyd and no live telecast in India !!! Seriously WTF !!! #GoManny, Palakkad , India 
Sat May 02 08:03:38 +0000 2015, @Jay_SaidIt, Ali was stupidly funny with his arrogance, Mayweather is just mad annoying with it https://t.co/LISXrutfdv, Arsenal -  MrMalawi 
Sat May 02 08:03:38 +0000 2015, @swindells_billy, #Mayweather tho! 3rd round KO, optimistic but possible! #MayweatherPacquiao, Skelmersdale 
Sat May 02 08:03:38 +0000 2015, @vikkimxo, #TeamPacquiao  http://t.co/qkm6EAwU8K, ig/vikkim_ 
Sat May 02 08:03:39 +0000 2015, @ytnino, I turn into Hippy Hendrix every night I'm Finna be Xanny Pacquiao soon,  
Sat May 02 08:03:39 +0000 2015, @satcesc_com, El combate de boxeo Mayweather-Pacquiao, en Canal+ - http://t.co/ONMAiZNY7F, Espaa 
Sat May 02 08:03:40 +0000 2015, @manlikegeorge_, if mayweather doesn't destroy pacquiao head, let me know why., LDN || LAG. 
Sat May 02 08:03:40 +0000 2015, @RocketsScott, Can't believe how big the fight is tomo morning. Heard someone say, and it's true; head mayweather, heart pacquiao #MayweatherPacquiao, The north  
Sat May 02 08:03:40 +0000 2015, @manyleads, Mayweather vs. Pacquiao -- The Drinking Game - While Manny and Floyd are knocking each other's heads off, millions... http://t.co/eDGTEvVQ0M,  
Sat May 02 08:03:40 +0000 2015, @jameshurley22, @Brandy_Brewer Pacquiao in the ninth, Ireland 
Sat May 02 08:03:40 +0000 2015, @narrypubesicles, @Harry_Styles HARRYYY

PACMAN OR MAYWEATHER?

YOU BETTER CHOOSE PACMAN HAHAHA I LOVE YOU, #1 lilac niall stan ! 
Sat May 02 08:03:41 +0000 2015, @IvanRubio217, Mayweather en el round 10 tumba a pacquiao, verass, Insta: IvanRubio_21 
Sat May 02 08:03:41 +0000 2015, @CaptNaya, LOL they should pay that much and hide the ticket?  https://t.co/yNz17U6VRZ,  
Sat May 02 08:03:41 +0000 2015, @juliusrinz, @ABSCBNNews pashout out po kay pacman,  
Sat May 02 08:03:41 +0000 2015, @Dannrodeo, @suRe_VinCe reason y I believed Khan wen he said Floyd was scared to face him...khan's prob is just his defence, I agree he is very fast, lagos,nigeria 
Sat May 02 08:03:42 +0000 2015, @Know_LwazY1, What time does the fight start"@DrewThePoet: Manny Pacquiao ", In your Brain!! 
Sat May 02 08:03:42 +0000 2015, @LucasFitante, Mi noche de viernes fue Zappa, King Crimson y Floyd, La Plata 
Sat May 02 08:03:42 +0000 2015, @Cutie_Racheal1, LATEST JIST: The Fighters Whove Lost To Floyd Mayweather Explain Why Hes So Hard To Beat http://t.co/Qbp5SKO2qt, Ikoyi/Manchester 
Sat May 02 08:03:42 +0000 2015, @karubabu, -S-c pacman,  
Sat May 02 08:03:42 +0000 2015, @_AGVII, Basically everyone down my tl got Pacquiao for tomorrow, V / XXIV / XIV Minute 92:48  
Sat May 02 08:03:43 +0000 2015, @KDoyle18, If you are #TeamMayweather then you are area belieber and that shit ain't cool. #TeamPacquiao,  
Sat May 02 08:03:43 +0000 2015, @airamojica_, Grabe si ama ayaw ako isama manuod ng live na laban ni pacman! Mag paper view na lang daw ako! Di ako papayag sasama ako! Walang titibag.,  
Sat May 02 08:03:43 +0000 2015, @QuensHope, TO ALL #TeamPacquiao pls retweet this. LOL

FullSupport For THE BET #EnriqueMetroMay #LabanPilipinas, La Bongga 
Sat May 02 08:03:43 +0000 2015, @Macmurray23, Just finished catching up on inside Mayweather vs Pacquaio, Georgia 
Sat May 02 08:03:43 +0000 2015, @UCTDropout, Does anyone know the undercard fights for mayweather vs pacquiao?, Thugs Mansion, Namibia 
Sat May 02 08:03:44 +0000 2015, @TheDonPerry, Floyd damn near bouta sleep Pacman , Marsh 7 
Sat May 02 08:03:44 +0000 2015, @joemantle12, Pacquiao broke eye contact in the stare down , halesowen wetter 
Sat May 02 08:03:44 +0000 2015, @MKath864, @Shanbarani Boss, Paquiao or Mayweather?, Australia 
Sat May 02 08:03:44 +0000 2015, @realbestharvey, Pacquiao will win for sure! Keep the Spirit.
#GoMAnny #GoMAnny,  
Sat May 02 08:03:45 +0000 2015, @mrxkrforevs_, Yesterday: Sinag won the SEABA championship
Today: U23 team won against KAZ in straight sets
Tomorrow: Manny will win against Mayweather , taft-katipunan 
Sat May 02 08:03:45 +0000 2015, @EliKpodo, Floyd Mayweather: The star athlete no sponsor will touch http://t.co/u9gJlMjbiO via @CNNMoney,  
Sat May 02 08:03:45 +0000 2015, @BYEdvarrabond, @Harry_Styles HOY KULOT BALITA KO MANUNUOD KA RAW NG LABAN NI PACQUIAO HAHAHAHAHAHZBAKSNLA

#BestFandomsCA2015 DIRECTIONERS, filipinas // 0/4  0/5  
Sat May 02 08:03:45 +0000 2015, @CyberAnonymous, NigeriaNewsdesk: Don Jazzy jets off to Vegas for Floyd Mayweather vs Manny Pacquiao fight http://t.co/SHy53Xov0w via radarngr, C:\WINDOWS\system32\cmd 
Sat May 02 08:03:45 +0000 2015, @ElAndrescruz, Vamos @MannyPacquiao! Tu vas a ganar! #TeamPacquiao #PacMan #PacWin #MayweatherPacquiao, Milan - Italy 
Sat May 02 08:03:45 +0000 2015, @AnthonyVo4, Let's go pacman,  
Sat May 02 08:03:45 +0000 2015, @libretasconlogo, Mayweather, Pacquiao: que gane la imaginacin - http://t.co/pzUvRFJ9SX http://t.co/evLSuAMA9c,  
