Sun May 03 03:58:49 +0000 2015, @80sbaby4life, That's it I'm BLOCKING YOU  https://t.co/MAr6IC577h 
Sun May 03 03:58:49 +0000 2015, @profitaz, @RealSkipBayless he'll touch them on Manny's face 
Sun May 03 03:58:49 +0000 2015, @halenmaine, is the crowd chanting manny or money we'll never know 
Sun May 03 03:58:49 +0000 2015, @PepeTorres1, @fclerma Apoyo a Manny, gana Floyd 
Sun May 03 03:58:49 +0000 2015, @Gavhollander, Cmon Manny! 
Sun May 03 03:58:49 +0000 2015, @ReeceGreenaway, Come on manny!!! 
Sun May 03 03:58:49 +0000 2015, @JuanCar39385614, Viendo la pelea de manny pacquiao http://t.co/vq569wxjDD 
Sun May 03 03:58:49 +0000 2015, @deny_ikhsan,  https://t.co/JT0bmgfrai 
Sun May 03 03:58:49 +0000 2015, @waifucalum, manny is so humble n happy 
Sun May 03 03:58:49 +0000 2015, @_calfaro, @MariecioAndrade im wanting manny to win though but mayweather gonna win bro lol 
Sun May 03 03:58:49 +0000 2015, @franco_kleiman, #MayPacEnTVP dale manny vos lo podes cagar a palos 
Sun May 03 03:58:49 +0000 2015, @paulomau11, vamos manny 
Sun May 03 03:58:49 +0000 2015, @kerzooon, Let's go manny! 
Sun May 03 03:58:49 +0000 2015, @suzetteperezx, OMG GOD BLESS MANNY! #TeamPac  
Sun May 03 03:58:49 +0000 2015, @BrenneJaramillo, Baka masuntok ni Manny si ref kakulay ng kalaban. 
Sun May 03 03:58:49 +0000 2015, @emilianomequet1, vamos manny hoy cae el negro 
*me fui a ver la pelea* 
Sun May 03 03:58:49 +0000 2015, @TheDailyFixie, Zamu ramai vako IRI,zamu ramai vako IRI. Manny na money, ngazvitange 
Sun May 03 03:58:49 +0000 2015, @elicoooethelyn, chill lang ninong Manny  Pogi tayo haha #SugodManny #TeamPacquiao #BeatMayweather 
Sun May 03 03:58:49 +0000 2015, @Ger_Galvan, #MayPacTecate venga #manny #MannyPacquiao 
Sun May 03 03:58:49 +0000 2015, @CutyMoreno9, Vamos Manny 
Sun May 03 03:58:49 +0000 2015, @admiralnjh, Go manny fuckcfucj. Kdosspckj. #BestFandomCA2015 Directioners 
Sun May 03 03:58:49 +0000 2015, @TWATCHMEBITCHH, O FUCK YEA MANNY,BIG DAWGS 
Sun May 03 03:58:49 +0000 2015, @nicolekim63, C'MON MANNY EJAJDHQKKXEKKWSJSJQJQJSJWJABANSJSKSJSNSKSJSKSKKAKAKAKAKAKAKAKAKAKWKWK 
Sun May 03 03:58:49 +0000 2015, @jnlmndla, @bernardokath: We're so excited!! Let's go manny!  #OneForPacman http://t.co/w5tb1UEjR5 
Sun May 03 03:58:49 +0000 2015, @Javier_8UC, VAMOS MANNY 
Sun May 03 03:58:50 +0000 2015, @Trishanesz, Manny vs. Floyd all over my TL 
Sun May 03 03:58:49 +0000 2015, @DeccanChronicle, Fighting fans have waited for five years to watch the #FightOfTheCentury http://t.co/D8LsHLB0aQ 
Sun May 03 03:58:49 +0000 2015, @jasminleilani__, @marahsallari are u watching bc manny's Filipino 
Sun May 03 03:58:50 +0000 2015, @sumairshirazi14, No matter who wins or losses Manny pacquiao is the best in my opinion. 
Sun May 03 03:58:50 +0000 2015, @mcudd21, LETS GO MANNY 
Sun May 03 03:58:50 +0000 2015, @BLanciola, Jusko kakulba ba aning laban ni Manny. Kaya yan. 
#PacquiaoMayweather 
#OneForPacman 
Sun May 03 03:58:50 +0000 2015, @Nik_Jax, Team Manny 
Sun May 03 03:58:50 +0000 2015, @idcmxya, Manny pls beat his ass 
Sun May 03 03:58:50 +0000 2015, @riccavibal, Start na  Best of luck Manny! #TeamPacquiao #PacquiaoMayweather #OneForPacman 
Sun May 03 03:58:58 +0000 2015, @swervin_mervin, I am pulling so hard for Manny (like everyone with a soul should be) but I think Floyd is gonna give him a whoopin. #4YearsTooLate #Coward 
Sun May 03 03:58:58 +0000 2015, @CrisTiaan22xT, Juegueeeee Manny (?) 
Sun May 03 03:58:58 +0000 2015, @supertysdale, @kylezaidhi: MANNY PAKISAPAK RIN SI BIEBER  
Sun May 03 03:58:58 +0000 2015, @steffypfm, Almost everyone w manny tonight  
Sun May 03 03:58:58 +0000 2015, @timesofindia, #MayPac It's showtime.

Follow LIVE updates: http://t.co/WALQLO9JQL 
Sun May 03 03:58:58 +0000 2015, @medusafighter, Manny vs. Money 
Sun May 03 03:58:58 +0000 2015, @daddy_Rossa, Finally it's starting!!! Let's go Manny!! 
Sun May 03 03:58:58 +0000 2015, @Pinapolrsl, GO MANNY 
Sun May 03 03:58:58 +0000 2015, @Jjhayanthny, Go papa manny!!!!  
Sun May 03 03:58:58 +0000 2015, @rburris123, Let's do this! Go Manny!! #PacquiaoMayweather 
Sun May 03 03:58:58 +0000 2015, @ItsMeAuie, waaaaa eto naaaa.. go manny!!!! 
Sun May 03 03:58:58 +0000 2015, @omgitsallisoon, manalo man o matalo si manny maganda parin ako 
Sun May 03 03:58:58 +0000 2015, @AAlefaio, COME ON MANNY 
Sun May 03 03:58:58 +0000 2015, @JaviSchur, Como deca Bonavena, "cagalo a palos, Manny". 
Sun May 03 03:58:58 +0000 2015, @sassy_rachael, The people want manny to win  
Sun May 03 03:58:58 +0000 2015, @TVOnlineStr, Today Watch Floyd Mayweather vs Manny Pacquiao Live Online Stream : http://t.co/ycWx29yY5P  v-46 
Sun May 03 03:58:58 +0000 2015, @AntonetteYeo, You got this Manny!  #MayPac 
Sun May 03 03:58:58 +0000 2015, @pielandruler, @1KMOON no Manny Pacquiao all the way 
Sun May 03 03:58:58 +0000 2015, @Ptrnnsrnaaa, Lizaaa &lt;3 https://t.co/rq74UpNLdH 
Sun May 03 03:58:58 +0000 2015, @CMTomyCastaneda, COMENZO!!! Dale Manny!! #LaPeleaDelSigloTVN 
Sun May 03 03:58:58 +0000 2015, @Brenden6_mochan, Let's go manny!! 
Sun May 03 03:58:58 +0000 2015, @judjul82, Go Manny!!! http://t.co/nzFAPhKp6s 
Sun May 03 03:58:59 +0000 2015, @NikoTsaousidis, #MayPac #Manny 
Sun May 03 03:58:59 +0000 2015, @JammyCollier, Come on Manny! 
Sun May 03 03:58:58 +0000 2015, @Jhlabncarms16, Manny paquiao 
Sun May 03 03:58:58 +0000 2015, @betsyclem, kinakabahan ako for Manny AHHH GO PACMAN 
Sun May 03 03:58:59 +0000 2015, @andrewpugh94, Hoping for Manny but expecting Floyd, let's go! 
Sun May 03 03:58:59 +0000 2015, @TVStreamChan, Watch Manny Pacquiao vs Floyd Mayweather Jr Live Streaming Here : http://t.co/N44riSsdYL #PacquiaoMayweather Channel v-190 
Sun May 03 03:58:59 +0000 2015, @ecgatchie, This is it!...
The Fight of the Century #PPV #OSN - Pay Per View Mode!.. &lt;3 it!

"GOOD LUCK MANNY https://t.co/Vz1eSwoeLW 
Sun May 03 03:58:59 +0000 2015, @dj_etunes, Let's go manny ! 
Sun May 03 03:58:59 +0000 2015, @roirey_, Go manny!!  
Sun May 03 03:58:59 +0000 2015, @aiDONOnomon, Godspeed manny! 
Sun May 03 03:58:59 +0000 2015, @julianaoberman, THE FACT THAT I OPENED THIS AT MY AUNTS HOUSE WITH ALL HER FRIENDS. FML https://t.co/zIiDsoNi7G 
Sun May 03 03:58:59 +0000 2015, @mikenick121, I got manny with that left 
Sun May 03 03:59:10 +0000 2015, @iAm_qb, Manny on fire 
Sun May 03 03:59:10 +0000 2015, @luis_TJF10, Manny, Manny, Manny!!! Lets go!!!! #TeamPacquiao 
Sun May 03 03:59:10 +0000 2015, @nicoleobias_, DAMN  https://t.co/APBi5jGoNN 
Sun May 03 03:59:10 +0000 2015, @Dirty1313, Wish the ref was Skip Bayless instead of Kenny Bayless. I think everyone would like to see Mayweather and Manny join forces to beat up Skip. 
Sun May 03 03:59:10 +0000 2015, @jgutzzz, Lets get it manny! http://t.co/3f8CPGitCX 
Sun May 03 03:59:10 +0000 2015, @JinkaiKyou, .
Goodluck Manny :v  watching Mayweather vs. Pacquiao 
Sun May 03 03:59:10 +0000 2015, @trevorball410, The greatest fight is about to start so exciting go manny!!!!!! 
Sun May 03 03:59:10 +0000 2015, @sampunzalan_, wooooooh go manny  
Sun May 03 03:59:10 +0000 2015, @CGiron7, Vamos manny!!! 
Sun May 03 03:59:10 +0000 2015, @palmavol, Im with Manny Pacquiao because he is with Habitat for Humanity Philippines.  Go Ambassador!!! :)
http://t.co/7QkBfNSiFg 
Sun May 03 03:59:10 +0000 2015, @delapazhoran, KINAKABAHAN AKO GO MANNY 
Sun May 03 03:59:10 +0000 2015, @McShaffy, This. Is the fight I paid 100$ for. Come on!! Manny!! 
Sun May 03 03:59:10 +0000 2015, @ZOUlSBRO, YASS !!!! GO MANNY !! 
Sun May 03 03:59:10 +0000 2015, @Cxdharry, Go manny ilabyu 
Sun May 03 03:59:10 +0000 2015, @grisochoa, Hahahha  https://t.co/TpTWxSn6NS 
Sun May 03 03:59:10 +0000 2015, @GuevarraKai, 47-1 manny you can do this 
Sun May 03 03:59:10 +0000 2015, @LuzziLautaro, Manny PACMAN Pacquiao 
Sun May 03 03:59:10 +0000 2015, @shizukanee, Go Manny Pacquiao! #PacmanForTheWin 
Sun May 03 03:59:10 +0000 2015, @jxsamji, KKKK LETS DO THIS MANNY 
Sun May 03 03:59:10 +0000 2015, @peaceforhonks, AYAN NA LEZZ DO DIS MANNY 
Sun May 03 03:59:10 +0000 2015, @yoongigums, PACMAN OPPA OMG PACMAN OPPA ON THE SCREEN IM SCREAMINGKASJDKLSAJDASKL MY ULTIMATE BIAS IS MANNY PACQUIAO SORRY MIN YOONGI 
Sun May 03 03:59:10 +0000 2015, @jameson_sorrels, Manny 
Sun May 03 03:59:10 +0000 2015, @Claro2170, Manny go for money!!!! #PacquiaoMayweather 
Sun May 03 03:59:10 +0000 2015, @delabdel20, Pagbismillah ka akie Manny. 
Sun May 03 03:59:10 +0000 2015, @MichaelKalebbb, Let's go Manny! 
Sun May 03 03:59:10 +0000 2015, @neptali1203, Vamos Manny Packiao!! 
Sun May 03 03:59:10 +0000 2015, @lezf3005, A ver la pelea pues, vamos Manny. 
Sun May 03 03:59:10 +0000 2015, @BlanssMendros, God Bless manny.  
Sun May 03 03:59:10 +0000 2015, @Prince_Bamfo, Maywether finally stopped running from Manny 
Sun May 03 03:59:10 +0000 2015, @KayreKo, Round 1 Go Manny!!! 
Sun May 03 03:59:10 +0000 2015, @ryanabbott8, TMT (the manny team) @MannyPacquiao 
Sun May 03 03:59:10 +0000 2015, @louisdecarabao, DHWHDBJW GO MANNY #TeamPacquiao #BestFandomCA2015 Directioners  XX 
Sun May 03 03:59:10 +0000 2015, @Andrewdunn831, @FilthyFrank: floyd mayweather fighting for that 180mil but manny pacquiao will do it for a few mangos and some calamansi 
Sun May 03 03:59:10 +0000 2015, @yarralliv, Let's get ready to rumble! God bless you #Manny #OneforPacman #LabanManny  
Sun May 03 03:59:10 +0000 2015, @Natadoobiee, If manny wins, I'm buying his single. 
Sun May 03 03:59:10 +0000 2015, @CarlosM27907028, Lets go manny http://t.co/v3Rbb6wLcc 
Sun May 03 03:59:17 +0000 2015, @JUAN_LANDERO, watching Mayweather y Manny Pacquiao la pelea del siglo 
Sun May 03 03:59:17 +0000 2015, @ManuelManziel, Let's go Manny with a Y 
Sun May 03 03:59:17 +0000 2015, @dennisgcrsstm, @JhCrsstm si manny!!! Haha 
Sun May 03 03:59:17 +0000 2015, @TiempoExtraDO, Quin ganar? La respuesta se definir a partir de ahora. FLOYD MAYWEATHER JR. VS. MANNY PACQUIAO. #LaPeleaDelSiglo http://t.co/ioA9xMNiLN 
Sun May 03 03:59:17 +0000 2015, @thrsanglc, SUNTUKIN MO NA MANNY BSHEJTJFODKF 
Sun May 03 03:59:18 +0000 2015, @Noe_Desrosiers, #NowWatching Mayweather vs Manny Pacquiao.. 
Sun May 03 03:59:18 +0000 2015, @SoniaSantillana, Go win Manny!!! http://t.co/CKwS5tfLiF 
Sun May 03 03:59:18 +0000 2015, @D_Orellana13, #PacWins lets get this manny. 
Sun May 03 03:59:18 +0000 2015, @eviltwinzedd, COME ON MANNY! #PacquiaoMayweather 
Sun May 03 03:59:18 +0000 2015, @Nadiapraseliaaa, Megaduel Manny Pacman Pacquiao and FLoyd Mayweather (with Nicky and Babeh at Nadia's House)  https://t.co/cFHuy4D9wg 
Sun May 03 03:59:18 +0000 2015, @Blancs43, Chingada Manny!! 
Sun May 03 03:59:18 +0000 2015, @jlewis142268, Watch out Manny !  
Sun May 03 03:59:18 +0000 2015, @THR_GEGAR, Perlawanan tinju Manny Pacquiao vs Floyd Mayweather SECARA LANGSUNG dan EKSKLUSIF di HBO / HBO HD (saluran... http://t.co/jdfskQHoNW 
Sun May 03 03:59:18 +0000 2015, @eringillogley, Come on Manny!!!! 
Sun May 03 03:59:18 +0000 2015, @maui_agoncillo, |LIVE NOW| manny pacquiao and mayweather fight #tarsii #meerkat for Android http://t.co/CjsPBDNlCN 
Sun May 03 03:59:18 +0000 2015, @MUTU619, Manny)(Money) 
Sun May 03 03:59:18 +0000 2015, @Odraude123Siul, #MayPacTecate tu puedes manny 
Sun May 03 03:59:18 +0000 2015, @alwaysandbeyond, GOD BLESS THE PHILIPPINES LET'S GO MANNY YOU GOT THIS!!! 
Sun May 03 03:59:18 +0000 2015, @jinfinitehyung, Even your faves # stan #MannyPacquiao58thWin manny oppa 
Sun May 03 03:59:18 +0000 2015, @eringaalvez, GO MANNY !!!! 
Sun May 03 03:59:18 +0000 2015, @DoloresFabila, YAS MANNY. I'm so hyped!! 
Sun May 03 03:59:18 +0000 2015, @svdxkvt, Manny Pacquiao!! 
Sun May 03 03:59:18 +0000 2015, @craziiii, i'm counting on you manny #BestFandomCA2015  ELF 
Sun May 03 03:59:18 +0000 2015, @majcaroo, "@joel0014: Why the fuck does Manny keep smiling. I need him to look serious so I know he got this lol" 
Sun May 03 03:59:18 +0000 2015, @MrsTummy, Up first: both moms just thought Lennon just announced Floyd "Manny" Mayweather and laughed hysterically at the "mistake" 
Sun May 03 03:59:18 +0000 2015, @RobBenter, Manny reminds me of that #GeicoCaveman 
I'd like Manny to win, but since he's on #TeamGod, I'm supporting #TMT lol
 #TeamMayweather #MayPac 
Sun May 03 03:59:36 +0000 2015, @zucchini7, pustahanay ta nyo ah.. akon pusta ang mag guwa xa news feed ko puro lng #BOXING moh.. la pa kahampang c #manny... http://t.co/6vLOpjdPpw 
Sun May 03 03:59:36 +0000 2015, @SteveMc888, Ohhh geez only 6 seconds.  That's it Manny keep dancin 
Sun May 03 03:59:36 +0000 2015, @vicamz29, Laban Pacquiao!!! #Manny #pacquiao https://t.co/6NiPL2DU6H 
Sun May 03 03:59:36 +0000 2015, @nilberpablo, Ang ingayyyyy!!!!  puta labann manny! http://t.co/wg4HbnGlU0 
Sun May 03 03:59:36 +0000 2015, @zafraism, Laban manny!!!!!! https://t.co/l8DBMHPqoc 
Sun May 03 03:59:36 +0000 2015, @UltraGator, They're jabbing at each other. Floyd is flicking. Manny lands to body http://t.co/5YSzxVDYbk via @ScribbleLive 
Sun May 03 03:59:36 +0000 2015, @MarkieBp, Manny looking stiff dab rn  
Sun May 03 03:59:36 +0000 2015, @silvag_jorge, #PeleaDelSiglo voy manny http://t.co/pMQcWpVprf 
Sun May 03 03:59:36 +0000 2015, @kienlurzano, Shame on u Filipinos who hate on Manny #WalaKayongKwenta 
Sun May 03 03:59:43 +0000 2015, @cuffskett, GO MANNY WE ARE ALL RIGHT GBEHIND YOU!!!!!

#MayweatherPacquiao #MayPac  
Sun May 03 03:59:43 +0000 2015, @Asugg22, I don't know a dang thing about boxing, but I know that Mayweather is trash and Manny seems like a great dude. 
Sun May 03 03:59:43 +0000 2015, @jayoungin95, Team manny http://t.co/7jeWqm0tTt 
Sun May 03 03:59:43 +0000 2015, @xciiiziam, MANNY GO MANNY 
Sun May 03 03:59:43 +0000 2015, @BrianSweet15, @WutDuzTheFoxSay let the man be we all know @MoneyMeywether is going to knock Manny on his ass in 3 rounds 
Sun May 03 03:59:43 +0000 2015, @MelinaaB11, Get it Manny!!!! #MayweatherPacquaio 
Sun May 03 03:59:43 +0000 2015, @Calbaryoww, Sana manalo si manny para tas chillz n vcut ko bwuahahahaha 
Sun May 03 03:59:43 +0000 2015, @vielmaconcejal, Lleg la hora! La esperada pelea ha comenzado. Floyd Mayweather vs Manny Pacquiao 
Sun May 03 03:59:43 +0000 2015, @blankedspace, MANNY PLEADEEREDSE 
Sun May 03 03:59:43 +0000 2015, @MoniqueSanchezz, Go Manny Pacquiao 
Sun May 03 03:59:43 +0000 2015, @fern_n_coke, C'mon Manny! 
Sun May 03 03:59:43 +0000 2015, @augustochaves27, Dale Manny. 
Sun May 03 03:59:43 +0000 2015, @Giyannnnnnnn, GO MANNY!!! #PacquiaoMayweather 
Sun May 03 03:59:43 +0000 2015, @zDemises, Manny is bein very defensive 
Sun May 03 03:59:53 +0000 2015, @paudavid_, Go Manny! 
Sun May 03 03:59:53 +0000 2015, @CheyenneArn0719, I am all for the underdog on this one #MayPac
MANNY PAQCUIAO
***Sorry I suck at spleeing the last name 
Sun May 03 03:59:53 +0000 2015, @Monte_Colorman, Rooting for Manny.

But I think he'll get his ass kicked. 
Sun May 03 03:59:53 +0000 2015, @Sheeeeeeengbae, Godbless you Manny  
Sun May 03 03:59:53 +0000 2015, @osabelpj, @SUPEERANGEL sabi ni Manny :(( 
Sun May 03 03:59:53 +0000 2015, @efasmara, c'mon Manny! #TeamPacquiao 
Sun May 03 03:59:53 +0000 2015, @osnapitzkia, @camerondallas MANNY OR FLOYD? ANSWEEERR MEEE 
Sun May 03 03:59:53 +0000 2015, @itsLuisPeraza, Pegame pero no me dejes
-Manny Pacquiao. 
Sun May 03 03:59:53 +0000 2015, @brittannyybear, Nako yung Allkpop nag fa-fangirl mode kay Manny. Naks naman oh!  #PacquiaoMayweather #TeamPacquiao 
Sun May 03 03:59:53 +0000 2015, @YoHomeboiJC, Paquiao Mananalo!!!! #GoPacman! Salamat Pacman!!! Go Pacman! Kamusta Mayweather! The masses go for Manny! http://t.co/7wEsMVLF3e 
Sun May 03 03:59:53 +0000 2015, @dyeeiilogs, Let's go ninong manny!!!! https://t.co/WBWxep6Vr5 
Sun May 03 03:59:53 +0000 2015, @nutellxclffxd_, YASSS  https://t.co/ynb5YqZwkI 
Sun May 03 03:59:53 +0000 2015, @MagaBrielapm, @jimmykimmel imitando a Justin Bieber en la entrada de Manny #EPICO jajajaa #MayweatherPacquiao 
Sun May 03 03:59:53 +0000 2015, @AikangMusmos, GO MANNY!  http://t.co/eEqw1pTXhg 
Sun May 03 03:59:53 +0000 2015, @mclrdynne, @RAPocola yih kay manny ako eh!!!!  
Sun May 03 03:59:53 +0000 2015, @Maica_Aguilar, GO MANNY GO MANNY GO MANNY #TeamPacquiao 
Sun May 03 03:59:58 +0000 2015, @ShitChit, Give it all you've got! Go Manny! #PacquiaoMayweather 
Sun May 03 03:59:58 +0000 2015, @miketililing, tantanan nyo muna ang #Laboracay2015 pics. go manny muna tayo. http://t.co/KpWPbPEQIH 
Sun May 03 03:59:58 +0000 2015, @GRISLES, Y empez esto!!!!! Vamos manny https://t.co/Dei2TKnabB 
Sun May 03 03:59:58 +0000 2015, @iAm_fabjo, "The People's Champ from Sarangani! The fighting pride of the Philippines! MANNY PACQUIAO!!" Yeah right!  #YanAngPinoy 
Sun May 03 03:59:58 +0000 2015, @jamkutch, LET'S GO MANNY  
Sun May 03 03:59:58 +0000 2015, @JGuitarza, The Manny fans are into this. So loud when he punches. #MayPac 
Sun May 03 03:59:59 +0000 2015, @jajaninejaja, ayan na!!! Go manny 
Sun May 03 03:59:59 +0000 2015, @JemMalikHood, Go MANNY  
Sun May 03 03:59:59 +0000 2015, @DoughboyReg, Go MANNY!!!!!! #PinoyPride 
Sun May 03 03:59:59 +0000 2015, @peter27afcb, Take his legs out Manny. 
Sun May 03 03:59:59 +0000 2015, @Hossainzadah, want to watch the fight ? http://t.co/fAiydmOiTE 
Sun May 03 03:59:59 +0000 2015, @RobertoLavalle3, Floyd y Manny, Vamos ponja!!! 
Sun May 03 03:59:59 +0000 2015, @valenzg5, Vamos Manny! ! Partele su pinche madre 
Sun May 03 03:59:59 +0000 2015, @ItsBendiiStraw, LETS GOOOO MANNY 
Sun May 03 03:59:59 +0000 2015, @CursedByNike_, COME ON HIT ME MANNY!!! 
Sun May 03 03:59:59 +0000 2015, @90skinkylwt, idk anything about this fight but manny looks like he would be a cool uncle 
Sun May 03 03:59:59 +0000 2015, @calmakrisyelda, #MayPac tae manny go! panget yan si mayweather maitim! 
Sun May 03 03:59:59 +0000 2015, @lattesandkisses, Come on, Manny. Smh 
Sun May 03 03:59:59 +0000 2015, @MunsingLaw, Floyd Mayweather v Manny Pacquiao  live! http://t.co/hi68PHDcYD 
Sun May 03 04:00:09 +0000 2015, @fitzsimondsfarm, Wow Mayweather is already down Go Manny Go!!!!! 
Sun May 03 04:00:09 +0000 2015, @gabstrhs, IN THE NAME OF THE FATHER, AND OF THE SON, AND OF THE HOLY SPIRIT AMEN. GO MANNY #MannyPacquiao #PacWins #TeamPacquiao 
Sun May 03 04:00:09 +0000 2015, @elainesamanthae, God bless manny!!! #GoManny 
Sun May 03 04:00:09 +0000 2015, @highafxcalum, #PACWINS WOOHOO LETS GO MANNY 
Sun May 03 04:00:09 +0000 2015, @MyBrandhon, While I waiting my husbands performance # go Pacman go Manny go #INEEDU lord my heart is oh my god 
Sun May 03 04:00:09 +0000 2015, @itsme_lykaa, Go manny!!! 
Sun May 03 04:00:09 +0000 2015, @el_feru, Todos estamos esperando que Manny haga algo. http://t.co/8Uzo47gbMe 
Sun May 03 04:00:09 +0000 2015, @omgirly66, @Merki589 I thought it was adobo, but Manny's cool too 
Sun May 03 04:00:09 +0000 2015, @TheAngryAfrican, MANNY IN 4 
Sun May 03 04:00:09 +0000 2015, @frantaspenguin, KIAN TWEETED MANNY 
Sun May 03 04:00:09 +0000 2015, @ethanfbutler, Was anyone else hoping when they were pulling manny's shirt off it would get caught on his gloves and just be super awkward 
Sun May 03 04:00:09 +0000 2015, @oned1recti0ner, COME ON MANNY YOU CAN DO IT 
Sun May 03 04:00:09 +0000 2015, @wjpmsantos, @special1004 MANNY PACQUIAOOO!

#BestFandomCA2015 ELF 
Sun May 03 04:00:09 +0000 2015, @TheJovialJew, Manny is taking worse hits than my Chem average 
Sun May 03 04:00:09 +0000 2015, @AlmightyCBoogie, Manny ain't even fightin his normal fight  
Sun May 03 04:00:09 +0000 2015, @925FOX_News, FROM Daybreak Host, Drew Steele: I'm watching Manny Pacquiao vs. Floyd Mayweather round-by-round updates... http://t.co/89zk1yVnsX 
Sun May 03 04:00:09 +0000 2015, @OklahomaSentine, LIVE! Floyd Mayweather vs. Manny Pacquiao in the fight of the century: Al Bello/Getty http://t.co/Mp4FVijlsG 
Sun May 03 04:00:18 +0000 2015, @Mikeeeeng, Go Manny  
Sun May 03 04:00:18 +0000 2015, @Ennairayan_, hula ng mga tao dito talo si manny bakit kayo ganyan hahahahhahaa 
Sun May 03 04:00:18 +0000 2015, @get_ir_Dunn, Manny will win. 
Sun May 03 04:00:18 +0000 2015, @dale1072, @SportsCenter bieber??  Really?!  Just another reason to root for manny. #beatthatass 
Sun May 03 04:00:18 +0000 2015, @mpp_davao, grabeeeee kinakabahan ako sobra
naiiyak na ako....ingat Manny

#OneForPacman 
Sun May 03 04:00:18 +0000 2015, @YenniMendeez, Me Enamore De La Sonrisa De Manny. 
Sun May 03 04:00:18 +0000 2015, @MoniqueSanchezz, Lord please keep Manny Pacquiao strong todayPlease be with him in every round 
Sun May 03 04:00:18 +0000 2015, @AbbyJT_, Walang traffic kanina kasi lahat nakasubaybay kay Pacquiao. Ganyan kamahal ng Pilipino si Manny! #GoManny 
Sun May 03 04:00:18 +0000 2015, @kpticzon, Yung bawat suntok ni manny kinakabahan akooo  #LabanManny 
Sun May 03 04:00:18 +0000 2015, @AlexiarRivera, @soyalonsovillal Floyd Mayweather o Manny Pacquiao ? 
Sun May 03 04:00:19 +0000 2015, @akoaygoodboy, Go manny!!! 
Sun May 03 04:00:19 +0000 2015, @ram_ram18, God Bless Manny Pacquiao... 
Sun May 03 04:00:19 +0000 2015, @Nanzy_jr, Ladies and Gentlemennnnnnn nFloyd Mayweather vs Manny Pacquiao#fight #fighting #man https://t.co/ICLeSyRhPU 
Sun May 03 04:00:19 +0000 2015, @TheLayug, Manny bout to drop a Samsung Galaxy tweet after this fight though 
Sun May 03 04:00:19 +0000 2015, @madeyconcepcion, @Bubblegum_minie http://t.co/VN2eRE9Mjk here!! 
Sun May 03 04:00:19 +0000 2015, @officialgugz, @ekatoto at this point I'm not too sure. May weather could do it  I like manny though 
Sun May 03 04:00:19 +0000 2015, @JanineMacapins, 12th round Manny, 12th!!!!! 
Sun May 03 04:00:19 +0000 2015, @kat3538, step it up manny 
Sun May 03 04:00:19 +0000 2015, @seancegielski, Manny wears Nike Floyd wears reebok... We all know who is gonna win 
Sun May 03 04:00:19 +0000 2015, @Youngmoneylalo, Was eating in my living room with my family. I clicked on a manny pacquiao commentary. And the stupid moaning girls sound came out. 
Sun May 03 04:00:19 +0000 2015, @katebastasa, GO MANNY!! #PacquaioMayweather #AllForPacman 
Sun May 03 04:00:19 +0000 2015, @squishy_ohorat_, Proud to be a Filipino! Yeah, go get 'em Manny!!! #TeamPacquiao #MayPac 
Sun May 03 04:00:19 +0000 2015, @dvrpax, STUCK BETWEEN COVERING MY EYES AND FUCKING TYPING MY SHIT. FUCK FUCK FKDSLFLKDSJFLDSKJ OHM FUCK MY LIFE FUCK MANNY COME ON 
Sun May 03 04:00:19 +0000 2015, @angelaparan, @lizasoberano: Manny I love you 
Sun May 03 04:00:26 +0000 2015, @Olikeyknow, Manny manny manny 
Sun May 03 04:00:26 +0000 2015, @kylietripulca, Oh my G!! Even Behati!!!!! Go Manny!!! 
Sun May 03 04:00:26 +0000 2015, @klndmll, Manny just looks happy to be here,
Like he got nothing to lose #MayPac 
Sun May 03 04:00:26 +0000 2015, @manu_1323, MANNY 
Sun May 03 04:00:26 +0000 2015, @ohhKHAY, Si manny chill at masaya lang. Si mayweather, nilalamon na ng kaba! Hahahaha. #GoManny 
Sun May 03 04:00:26 +0000 2015, @fedee_lgi, VAMPS MANNY, 
Sun May 03 04:00:26 +0000 2015, @nadiiafr, @OribePeralta MANNY MANNY MANNY ! :D 
Sun May 03 04:00:26 +0000 2015, @StephenTorres_, win or lose, Manny will always be a champion in every filipino's heart! #GoPacman 
Sun May 03 04:00:26 +0000 2015, @tlevanUNA, Let's go Manny Pacquiao!!!! https://t.co/xfZoQvtETh 
Sun May 03 04:00:26 +0000 2015, @GianAlbertoRGC, Good luck Manny..what ever happens you still make us proud  #PacquiaoMayweather 
Sun May 03 04:00:26 +0000 2015, @andreawesome03, MANNY 
Sun May 03 04:00:26 +0000 2015, @krizzyangara, Photo: Go Manny!!! #teampacquiao http://t.co/NeCWkrd0Ad 
Sun May 03 04:00:26 +0000 2015, @snigdhodeepk, Yellow pants, Manny? Really? 
Sun May 03 04:00:26 +0000 2015, @_vicky_d1, Finally I found it live stream. Go Manny! 
#TeamPacquiao http://t.co/NsWNl0UXGA 
Sun May 03 04:00:26 +0000 2015, @frozenat17, Manny! 
Sun May 03 04:00:26 +0000 2015, @QureshiSenpai, @ak257s no nigga, i want manny to be alive so he get me food from fuddrucker  
Sun May 03 04:00:26 +0000 2015, @SavnRyansPrvate, @Klingbae http://t.co/6rPR1cGJzm 
Sun May 03 04:00:26 +0000 2015, @ahsirtmim, Hala :( talo daw si manny. bakit ganon?! pota 
Sun May 03 04:00:26 +0000 2015, @JoanaMarcial, LABAN MANNY!!!!!!! 
Sun May 03 04:00:26 +0000 2015, @RobinsonVillalt, @LoMejorDelBoxeo @JCTapiaLMB Manny Pacquiao! 
Sun May 03 04:00:26 +0000 2015, @tkdgxuss, Ngayon pa talaga ko nag boost ng barracks eh may laban si manny psh.  
Sun May 03 04:00:26 +0000 2015, @CarlosDanger420, Freddie not Freddy. Whatever.
Lezzgo Manny. #MayPac 
Sun May 03 04:00:26 +0000 2015, @WatchMovieOnlen, Now Watch Manny Pacquiao vs Floyd Mayweather Jr Live Online Stream TV : http://t.co/p5rc39QDe2 #PacquiaoMayweather Channel v-443 
Sun May 03 04:00:26 +0000 2015, @elizaaquierra, Manny! #MayweatherVSPacquiao 
Sun May 03 04:00:32 +0000 2015, @J_Gonzalez122, Manny needs to be more agressive 
Sun May 03 04:00:32 +0000 2015, @JacquelineKeiko, Jimmy Kimmel is in Manny's entourage.Hahahaha 
Sun May 03 04:00:32 +0000 2015, @BlackPanther_MG, Yep step to the left floyd makes manny off balance #MayweatherPacquiao 
Sun May 03 04:00:32 +0000 2015, @evansssrikki, YUNG MANNY NA SIGAWWW OMG 
Sun May 03 04:00:32 +0000 2015, @SenyorPaolito, Manny! Manny! Manny! 
Sun May 03 04:00:32 +0000 2015, @sandrarocksss, Many manny ! 
Sun May 03 04:00:32 +0000 2015, @KMTU_, that manny chant tho 
Sun May 03 04:00:32 +0000 2015, @RAMAisthename, Ang mga lalaki mahimong babay kung maigo si manny HAHAHA 
Sun May 03 04:00:32 +0000 2015, @yajeedquilop, YOU CAN DO THIS MANNY! LABAN  #IsangBayanParaKayPACMAN #OneForPacman http://t.co/BMa5O9YndQ 
Sun May 03 04:00:32 +0000 2015, @BartaBrett, MANNY !!!!!!! Fuck yes 
Sun May 03 04:00:32 +0000 2015, @JAknowskaye, Manny 
Sun May 03 04:00:32 +0000 2015, @elyssaalee, MANNY!!!!!!!! 
Sun May 03 04:00:32 +0000 2015, @ItsMeeeeeDreaB, Manny str8 defense 
Sun May 03 04:00:32 +0000 2015, @_nialler0913, MANNY MANNY MANNY!!! #BestFandomCA2015 Directioners 
Sun May 03 04:00:32 +0000 2015, @amsferedo, The crowd cheering for Manny! 
Sun May 03 04:00:32 +0000 2015, @OMGitsCeeKeey, Manny yung rinig sa crowd #GoManny 
Sun May 03 04:00:32 +0000 2015, @Beyahpadills, OTHERS ARE CHEERING FOR MANNY WHILE US CHEERING FOR THE YELLOW TEAM! HAHAHAHA  GO YELLOW TEAM!  
Sun May 03 04:00:32 +0000 2015, @hespolouroid, MANNY MANNY MANNY 
Sun May 03 04:00:32 +0000 2015, @Maauro7, Manny manny manny  
Sun May 03 04:00:32 +0000 2015, @MajNavy, Goodluck Manny #PacquiaoMayweather 
Sun May 03 04:00:32 +0000 2015, @Godlyleano, MANNY MANNY MANNY MANNY!!!!!!! 
Sun May 03 04:00:32 +0000 2015, @galang_julia, EVERYONES SHOUTING MANNY 
Sun May 03 04:00:32 +0000 2015, @kakaii_11, Manny! Manny! Manny! 
Sun May 03 04:00:32 +0000 2015, @LaBaBy_xoxo, MOER HIM MANNY! #MayPac #FINALLY 
Sun May 03 04:00:32 +0000 2015, @iMGFabraaa, Pray for Manny! 
Sun May 03 04:00:32 +0000 2015, @sabinaaoben, MANNY MANNY MANH 
Sun May 03 04:00:32 +0000 2015, @SherlakGay, MANNY MANNY MANNY MANNY!!!! 
Sun May 03 04:00:32 +0000 2015, @BiteMeLaterrr, You hear them screaming for manny tho 
Sun May 03 04:00:32 +0000 2015, @zainjabald, MANNY GET IT TOGETHER LETS GOOOO 
Sun May 03 04:00:32 +0000 2015, @seoulaf, WOW THE CROWD IS SHOUTING FOR MANNY OH MY GOD 
Sun May 03 04:00:32 +0000 2015, @syddxoxo_, He's smiling bc he knows Floyd is going down  https://t.co/JYYIGcJN2Z 
Sun May 03 04:00:33 +0000 2015, @andriu0602, vamos manny 
Sun May 03 04:00:32 +0000 2015, @ianbelga_, Isang KO nakan diyan Manny #PacquiaoMayweather 
Sun May 03 04:00:33 +0000 2015, @samuellamae, ROUND 1 NAAAA HUHUHU GO MANNY!!!! 
Sun May 03 04:00:33 +0000 2015, @ItsMeAids, Manny chants 
Sun May 03 04:00:37 +0000 2015, @polikotse, DO U HEAR THE CROWD SHOUTING MANNY THAT IS FAB 
Sun May 03 04:00:37 +0000 2015, @ilovedinoman, Go Manny!!!!! 
Sun May 03 04:00:37 +0000 2015, @OREOsure, MANNY MANNY MANNY 
Sun May 03 04:00:37 +0000 2015, @tumblrnarry, MANNY MANNY MANNY 
Sun May 03 04:00:37 +0000 2015, @EmSibay_, Manny manny manny!! 
Sun May 03 04:00:37 +0000 2015, @SamInsanity, Manny just shut all the niggas up on Twitter 
#MayPac #PacquiaoMayweather #MayweatherPacquiao 
Sun May 03 04:00:37 +0000 2015, @Saydeth01, MANNY is all I hear 
Sun May 03 04:00:37 +0000 2015, @blackpenguin_, MANNY 
Sun May 03 04:00:37 +0000 2015, @thats_jae, Manny left dangerous  
Sun May 03 04:00:37 +0000 2015, @Rhemey_Reigne, The cheering of Manny nakaka proud! 
Sun May 03 04:00:37 +0000 2015, @payatperosexy, MANNY! MANNY! MANNY! 
Sun May 03 04:00:37 +0000 2015, @akositreyss, Ano wala pa din sa Tv yung laban ni Manny? Baka bukas pa ipapalabas hahahaha paki inform nalang ako. 
Sun May 03 04:00:37 +0000 2015, @hsxx1d, MANNY! MANNY! MANNY!!!!

#BestFandomCA2015 Directioners 
Sun May 03 04:00:37 +0000 2015, @hxrryefs, MANNY MANNY MANNY MANNY 
Sun May 03 04:00:38 +0000 2015, @LiamPLEdwards, Manny is quick, Mayweather is very good at defending. 
Sun May 03 04:00:37 +0000 2015, @qwertinu, Manny!manny!manny!!! 
Sun May 03 04:00:37 +0000 2015, @harrykirk10, Come on Manny #MayPac http://t.co/WN6xGbN7pW 
Sun May 03 04:00:38 +0000 2015, @EmekaOsari, Manny n Roach take a selfie http://t.co/OIrstccfT5 
Sun May 03 04:00:37 +0000 2015, @yonezzyy, Go manny!!!!!! 
Sun May 03 04:00:38 +0000 2015, @JMMoulic, Manny! Manny! Manny! 
Sun May 03 04:00:38 +0000 2015, @ShaliceAder, THEYRS CHANTIDB MANNY 
Sun May 03 04:00:38 +0000 2015, @ESPNBoxeo, Manny cierra la guardia. se fintan. La gente corea el nombre de Pacquiao. El jab lo molesta 
Sun May 03 04:00:38 +0000 2015, @alfredojcr_, "manny! manny! manny!" #PacquiaoMayweather 
Sun May 03 04:00:38 +0000 2015, @adam_jun, MANNY!!!!! 
Sun May 03 04:00:38 +0000 2015, @bodinoraymond, The Chant for Manny  
Sun May 03 04:00:38 +0000 2015, @eMbz07, To all my friends asked me if i'm gonna watch of PACMAN's fight.. i am very proud of MANNY PACQUIAO but sorry i'm... http://t.co/r3glKCNrxT 
Sun May 03 04:00:38 +0000 2015, @APPARITlONS, MANNY MANNY YES MANNY OR IS IT MONEY IM LAUGDHEISG 
Sun May 03 04:00:38 +0000 2015, @ubebeilovekn, Crowd goes "Manny"  
Sun May 03 04:00:38 +0000 2015, @nhadiction, TODOS GRITANDO MANNY BASTA 
Sun May 03 04:00:38 +0000 2015, @MagdaraogJoyie, #PacquiaoMayweather Go Manny!  
Sun May 03 04:00:38 +0000 2015, @JustLoveLei25, Is that Manny or Money??  
Sun May 03 04:00:38 +0000 2015, @iammiico, HUTA KINAKABAHAN AKO PARA KAY MANNY HAHAHA 
Sun May 03 04:00:51 +0000 2015, @TatRobin, People going for Manny....amazing support for the underdog 
Sun May 03 04:00:51 +0000 2015, @RMaq28, Floyd's jab isn't landing but it's frequent enough to make Manny stop and think before he throws. Floyd's rd so far. #MayPac #boxing 
Sun May 03 04:00:51 +0000 2015, @BlxckPlum, MANNY'S NAME ECHOING THROUGH THE ARENA 
Sun May 03 04:00:51 +0000 2015, @dishanelimbo, TANGINA KAPAG NATALO SI MANNY IIYAK AKO... KASI MAUUNA KO PANG MALAMAN NA NATALO BAGO MAPANOOD LABAN DAHIL SA PUNYETANG DELAY SA FREE TV 
Sun May 03 04:00:51 +0000 2015, @plaidsxhemmo, THE CROWD IS SCREAMING FOR MANNY OMGBSNXBSKXB 
Sun May 03 04:00:51 +0000 2015, @Ception14, COME ON MANNY 
Sun May 03 04:00:51 +0000 2015, @kathreengo, "MANNY MANNY MANNY MANNY MANNY MANNY"

Pildi na u Mayweather 
Sun May 03 04:00:51 +0000 2015, @17tattooedhes, THE CROWDS CHEERING MANNY IM SO HAPPY 
#CelebrityAward2015 One Direction
#BestFandomCA2015 Directioners 
Sun May 03 04:00:51 +0000 2015, @bbygrlkjnk, PUTEK MANNY LABAN !! 
Sun May 03 04:00:51 +0000 2015, @juddisonfire, Manny Manny Manny #PacquiaoMayweather http://t.co/2smUJvH5IU 
Sun May 03 04:00:51 +0000 2015, @SHNNGR, GO BAE!!!! @justinbieber AYYYY LETS GOOOOO MANNY!!!!!  
Sun May 03 04:00:51 +0000 2015, @JRevadulla, Manny o Money? Cheer pa more 
Sun May 03 04:00:51 +0000 2015, @aiyuri_estela, Go go Manny Pacquiao!!
GOOD LUCK &amp; GOD BLESS!! 
Sun May 03 04:00:51 +0000 2015, @Carolinezunii, Less goo manny 
Sun May 03 04:00:51 +0000 2015, @andyyulo, everyone cheering Manny tho &gt;&gt;&gt;&gt;&gt;&gt;&gt;&gt;&gt; 
 
Sun May 03 04:00:51 +0000 2015, @rnrondilla1, MANNY! MANNY! MANNY! 
Sun May 03 04:00:51 +0000 2015, @paulaaarosellon, MANNY! MANNY! MANNY! MANNY! 
Sun May 03 04:00:51 +0000 2015, @Miss_Beethoven, # # # # Floyd Mayweather vs Manny Pacquiao: 73% of http://t.co/BhzFPCns0Y readers think ... -  http://t.co/MATZ0VTQWz 
Sun May 03 04:00:51 +0000 2015, @91slukey, BABY https://t.co/1EhixSDV3d 
Sun May 03 04:00:51 +0000 2015, @manuelacassuto, The only problem with this fight is are they saying Manny or Money 
Sun May 03 04:00:51 +0000 2015, @dennicdensumlas, Alright, do it Manny!  
Sun May 03 04:00:51 +0000 2015, @rhyxn, the entire arena has chanted Manny about 3 times already 
Sun May 03 04:00:51 +0000 2015, @pompousniall, LETS DO THIS https://t.co/zolpDoIp8E 
Sun May 03 04:00:51 +0000 2015, @kamillegamboa, is the crowd cheering for manny or money.,., im assuming it's for manny 
Sun May 03 04:00:51 +0000 2015, @nickcarter577, @howied come on ready to fight manny we are ready we will with you 
Sun May 03 04:00:51 +0000 2015, @ElCompaElio, LETS GO MANNY!!! 
Sun May 03 04:00:51 +0000 2015, @nadzdefender, Teary-eyed the moment I saw Manny. Laban Manny!! Laban! cto http://t.co/qVWD70pXnb 
Sun May 03 04:01:06 +0000 2015, @Eukam, Vamos Manny! los filipinos estamos orgullosos de ti. 
Sun May 03 04:01:06 +0000 2015, @JessicaBiel_xd, Manny beat that woman beater hehe.. #AllforPacman 
Sun May 03 04:01:06 +0000 2015, @LunitaSisa,  Manny, ya en el ring del MGM #MayweatherPacquiao http://t.co/yDXEFrEXPE 
Sun May 03 04:01:06 +0000 2015, @RuthlessRandomz, I got a feeling Manny Pacquiao gonna et caught #MayPac 
Sun May 03 04:01:06 +0000 2015, @Amanisiya, Today Watch Floyd Mayweather vs Manny Pacquiao Live Online Stream : http://t.co/MYdfSTXnUF #boxing v-130 
Sun May 03 04:01:06 +0000 2015, @tatiny, I can't stand to see Manny's smiling, happy face get punched. 
Sun May 03 04:01:06 +0000 2015, @BrxndonT, @p4rvizi http://t.co/yxsFyHh4Vu 
Sun May 03 04:01:06 +0000 2015, @belongstohesx, MANNY MANNY MANNY MANNY

#PaquiaoMayweather 
Sun May 03 04:01:06 +0000 2015, @nelsonlpaz, Cuando todos pensaban que Manny llevara la iniciativa, es Floyd, quien comienza agresivo. Mucho respeto. Primer Round 
Sun May 03 04:01:06 +0000 2015, @janineparco, Omg kinakabahan na ko hahahahhahahaha Go Manny!!!! 
Sun May 03 04:01:06 +0000 2015, @nikystylin, Niall and Paul are rooting for Manny. Sml.  
Sun May 03 04:01:06 +0000 2015, @nxkkx_, di maka land ng punch si manny noooo 
Sun May 03 04:01:06 +0000 2015, @FictitiousLwt91, OMG THE CROWD IS CHEERING MANNY OMG GOOSE BUMPS SJAKAJSGA
#BestFandomCA2015  Directioners 
Sun May 03 04:01:06 +0000 2015, @stephhhgv, Manny !!!!!! 
Sun May 03 04:01:06 +0000 2015, @laura_cosette, #mayweatherpacquiao #manny https://t.co/0O99s7irtf 
Sun May 03 04:01:06 +0000 2015, @E_Hunk6, Let's go Manny 
Sun May 03 04:01:06 +0000 2015, @ZednemKC, Crowd going MANNY MANNY MANNNY #PacquiaoMayweather http://t.co/emeUlihLFY 
Sun May 03 04:01:06 +0000 2015, @TheBigGuy599, @MannyPacquiao C'mon Manny! 
Sun May 03 04:01:06 +0000 2015, @lalallyssa, "@annecurtissmith: Here we goooooooo! Go Manny!!!!!! #OneForPacman #MayPac" 
Sun May 03 04:01:06 +0000 2015, @LedaJales, Right timing, manny. #OneForPacman 
Sun May 03 04:01:06 +0000 2015, @atloveharry, MY TL IS MANNY AF YEAHH!!! 
Sun May 03 04:01:06 +0000 2015, @uroxmysox, Crowd: MANNY! MANNY!
*which manny tho"  
Sun May 03 04:01:07 +0000 2015, @KakoZone, Let's Go Ready To Rumbleeeeeeee!
Go Manny!!!
#PeleaDelSiglo #MayweatherPacquiao #LaPeleaDelSigloTVN 
Sun May 03 04:01:06 +0000 2015, @corinneeweenie, GO MANNY  
Sun May 03 04:01:06 +0000 2015, @killerrola, Vamos floyd money rompele su madre calla a esa gente que quiere a manny putiado 
Sun May 03 04:01:06 +0000 2015, @HoT_SiZzL3, Manny doesn't wanna play this game. 
Sun May 03 04:01:06 +0000 2015, @123iiSH, And the crowd went "Manny! Manny! Manny!" 
Sun May 03 04:01:07 +0000 2015, @hughAblack, GO MANNY #MayPac 
Sun May 03 04:01:07 +0000 2015, @nadineokda, Crowd cheering Manny 
Sun May 03 04:01:06 +0000 2015, @obinrana, Manny or money? #PacquiaoMayweather 
Sun May 03 04:01:07 +0000 2015, @IIIllIlIlI, Mayweather/Pacquiao Stream - http://t.co/c9igY49Lhq 
Sun May 03 04:01:07 +0000 2015, @iiaammjoejoe, MGM people shouting Manny's name.  Round 1. #OneForPacman #PacquiaoMayweather 
Sun May 03 04:01:36 +0000 2015, @adorablealexis4, My cousin was like "Manny not below the belt that's gay"  
Sun May 03 04:01:36 +0000 2015, @aizelpia, "@lizasoberano: MANNY MANNY MANNY" go pacman!!!! 
Sun May 03 04:01:36 +0000 2015, @shannonpdl, Yes yes. Go Manny!! @camerondallas: The outcome of this fight will be super interesting 
Sun May 03 04:01:36 +0000 2015, @pdllstephanieee, Manny * yays winner. haha  
Sun May 03 04:01:36 +0000 2015, @looohaenples, MENNEH MENNEH MENNEH -cheer ng isang british na fan ni manny 
Sun May 03 04:01:36 +0000 2015, @dearbuddyniall, MALAKAS DIN DPENA NITO NI MAYWEATHER LAGOT KA GO MANNY #TeamPacquiao 
#BestFandomCA2015 Directioners 
Sun May 03 04:01:36 +0000 2015, @naefaletui, Again...this is to confirm that Manny Pacquiao and the Katina's are doppelgngers. 
Sun May 03 04:01:36 +0000 2015, @kyladeleon2836, Go manny 
Sun May 03 04:01:36 +0000 2015, @joyplurad, KAYO NA NAKA PPV WAHAHA NAKO KUNG NASA BAHAY LANG TALAGA KAMI LAHAT PERO GO MANNY PARIN!!! 
Sun May 03 04:01:37 +0000 2015, @itsninaalcober, Wooohooo abtik kaayo si manny 
Sun May 03 04:01:37 +0000 2015, @335Jon, Putain ces kainry des putes de rageux ils sont tous pour manny 
Sun May 03 04:01:36 +0000 2015, @Twistedavenged, Manny looks old... 
Sun May 03 04:01:37 +0000 2015, @aaronjfletcher, Not a great start from Manny. 
Sun May 03 04:01:36 +0000 2015, @calumknowsbest, "@niallgago: SERYOSO MAS DUMAMI VOTES DAHIL KAY MANNY JUSKO

#BestFandomCA2015 Directioners"  
Sun May 03 04:01:37 +0000 2015, @shiilaberdera, Now watching! Laban manny  #OneForPAcman #PinoyPride #PacMay https://t.co/T3n2T8blLF 
Sun May 03 04:01:37 +0000 2015, @ChuuuhhhChing, Everyone's rooting for Manny.  
Sun May 03 04:01:37 +0000 2015, @kimzayat, It's awesome how all my favorite famous people are rooting for Manny  
Sun May 03 04:01:37 +0000 2015, @KrJrUnFaSt, Manny looks scared.... #MayPac 
Sun May 03 04:01:37 +0000 2015, @swooshjek, Game on ! Go Manny !  https://t.co/y7baB25kic 
Sun May 03 04:01:37 +0000 2015, @livexniallz, DALE MANNY HACELE MIERDA LA CARA 
Sun May 03 04:01:37 +0000 2015, @OGtonysenpai, Lmao. Manny not ready. 
Sun May 03 04:01:37 +0000 2015, @calebthompson_, Manny looks flat 
Sun May 03 04:01:37 +0000 2015, @darirot, @nissieeee support support. Go manny! http://t.co/voXzxAIE0D 
Sun May 03 04:01:45 +0000 2015, @NajaZedlav, "@sleepyheadAbbie: PAREHONG MANNY YON SINONG MANNY SINISIGAW NIYO" 
Sun May 03 04:01:45 +0000 2015, @CrisJanLim, Get it Manny ! #fightnight #filipino #pacman https://t.co/QqovVlxzHm 
Sun May 03 04:01:45 +0000 2015, @piaxsantos, crush ni mayweather si manny gago 
Sun May 03 04:01:45 +0000 2015, @viguella25, #OneForPacman Manny praying. " 
Sun May 03 04:01:45 +0000 2015, @RalstonJack, You can't hit him Manny you sausage 
Sun May 03 04:01:45 +0000 2015, @BYEchrista, MANNY MANNY MANNY 
Sun May 03 04:01:45 +0000 2015, @Powerloid, MICKEY, ASAAN 'YUNG SA ATIN? ASAAN SI MANNY PACQUIAO? 
Sun May 03 04:01:45 +0000 2015, @plyngbll, Manny pls  
Sun May 03 04:01:45 +0000 2015, @Molly1899, WHY IS HE HUGGING MANNY OMFGAJJW 
Sun May 03 04:01:45 +0000 2015, @FullMovies2015, Watch Floyd Mayweather vs Manny Pacquiao Live Online Stream : http://t.co/r5yuOw2iyN  v-324 
Sun May 03 04:01:45 +0000 2015, @Rayven03093, I can hear clearly hear the crowd cheering MANNY

#PacquiaoMayweather #GoManny 
Sun May 03 04:01:45 +0000 2015, @Lobs03, "@lizasoberano: MANNY MANNY MANNY" LIZA LIZA LIZA 
Sun May 03 04:01:45 +0000 2015, @Princes_Bobi_RM, @VinnieLeFourbe lol mais non Allez j'espre Manny va gagner  
Sun May 03 04:01:45 +0000 2015, @robertgeeeee, C'mon manny I got 2 dollars on ya 
Sun May 03 04:01:45 +0000 2015, @xughlexis, wtf mayweather manny dont wanna hug yo ass 
Sun May 03 04:01:45 +0000 2015, @BoxingChannel, Both fighters are fast, Mayweather has an advantage on reach of course, Manny has to be careful and look out for... http://t.co/6n4TXlG2r3 
Sun May 03 04:01:45 +0000 2015, @Ooloo, manny's gonna take an L lol lets be real 
Sun May 03 04:01:45 +0000 2015, @LatinKaty, go manny #WeWontLetYouDown 
Sun May 03 04:01:45 +0000 2015, @tapdatmuke, MANNY I AM SO PROUD OKAY WIN OR LOSE U BROUGHT THE PHILIPPINES' NAME ACROSS THE WORLD 
Sun May 03 04:01:45 +0000 2015, @gsorrera, GO MANNY 
Sun May 03 04:01:45 +0000 2015, @fuckmesatansoo, U LOVE MANNY OPPA NOW?  https://t.co/Fmlb7yS7sS 
Sun May 03 04:01:45 +0000 2015, @JessieManlutac, You got our back Manny! 
Sun May 03 04:01:45 +0000 2015, @jposalla, @riserecords manny! 
Sun May 03 04:01:45 +0000 2015, @paudex, keep that manny cheer going folks #PacquiaoMayweather  
Sun May 03 04:01:45 +0000 2015, @nightwinghes, MANNY WILL WIN THIS FIGHT 

#BestFandomCA2014 Directioners 
Sun May 03 04:01:46 +0000 2015, @2ailyn5, @crowndony who's ur bet manny or mayweather? 
Sun May 03 04:01:46 +0000 2015, @Leyoborromeo, Manny sabihin po pag di no na kaya. Gangbangin natin  
Sun May 03 04:01:46 +0000 2015, @alex_quilty, Manny manny manny manny 
Sun May 03 04:01:46 +0000 2015, @Derick_Bran, Yo la verdad quiero que gane Manny 
Sun May 03 04:01:53 +0000 2015, @mamajericho, God Bless Manny Pacman Pacquiao_.
tegang.. 
Sun May 03 04:01:53 +0000 2015, @CeskaAnneOcampo, Manny lahat ng cheer shet hahahahahah 
Sun May 03 04:01:53 +0000 2015, @Basteeeeeee, GO MANNY! 
Sun May 03 04:01:53 +0000 2015, @stephanievr19, ESO MANNY COCINALOOOO 
Sun May 03 04:01:53 +0000 2015, @caromendez1, Me da que Manny va a cobrar de lo lindo... #MayweatherPacquiao 
Sun May 03 04:01:53 +0000 2015, @shxxnx_, SHET MANNY EASY EASY 
Sun May 03 04:01:53 +0000 2015, @horanscrepe, when the entire arena is manny af 

#BestFandomCA2015 Directioners 
Sun May 03 04:01:53 +0000 2015, @BWare_LaFlare, Manny &amp; Floyd gotta get they weights up SMH I know females that weigh more than they do 
Sun May 03 04:01:53 +0000 2015, @ciel_monzu, Vakkkkk X')) https://t.co/HjWvVX1bEe 
Sun May 03 04:01:53 +0000 2015, @denramirez23, What did he tell manny? 
Sun May 03 04:01:53 +0000 2015, @kristelsrsly, AYG GAKSAS MANNY OY BIGAON 
Sun May 03 04:01:53 +0000 2015, @SaRule_, Manny needs to stop reaching in. He's going to get caught. 
Sun May 03 04:01:53 +0000 2015, @Ninaaaaski, The crowd is yelling for Manny! Yehes! 
Sun May 03 04:01:53 +0000 2015, @ricardo_moody, When the crowd are chanting is it for 'Manny' Pacquiao or 'Money' Maywheater ?  
Sun May 03 04:01:53 +0000 2015, @fcsphpprog, @lizasoberano MANNY MANNNNNNNNYYYY! END OF ROUND 1. HAHAHAHA 
Sun May 03 04:01:54 +0000 2015, @CLaudiaMaqana, Lol manny go!! 
Sun May 03 04:01:54 +0000 2015, @iamkeithSTONEd, Manny can't hit that nigga. 
Sun May 03 04:01:54 +0000 2015, @samanthamtaylor, Yeeeeeeeeeeeesssssss!!!!!  Get em Manny!!!!!! 
Sun May 03 04:01:54 +0000 2015, @Lchinchan, Ewwww mang hug ni manny 
Sun May 03 04:01:54 +0000 2015, @coachRamilDLSU, "@BasketballDonya: Mas maganda siguro kung si Boom yung commentator! Nako Mayweather vs Manny ang laban pero Congrats Ateneo!"  
Sun May 03 04:01:54 +0000 2015, @rmonster729, CMON MANNY 
Sun May 03 04:02:05 +0000 2015, @korinasofiaaa_, TINAWANAN LANG NI MANNY SI MAYWEATHER HAHAHAHAHAHAHAHAHAHAHAHAHHAHAHAAHAHAHHAHA GO MANNY 
Sun May 03 04:02:05 +0000 2015, @ROCKETTHEEMAN, Manny scary as fuck ! 
Sun May 03 04:02:05 +0000 2015, @shafiqaezam, Floyd Mayweather and Manny Pacquiao #finally #FightNight #FightOfTheCentury 
Sun May 03 04:02:05 +0000 2015, @uhhhdumbdumb, Look at Manny laugh hahaha 
Sun May 03 04:02:05 +0000 2015, @BeySembrano, Go manny!!!  #PacquiaoMayweather #TeamPacquiao 
Sun May 03 04:02:05 +0000 2015, @SamanthaSamkcb, Goosebumps. Go MANNY!!!  #OneForPacman 
Sun May 03 04:02:05 +0000 2015, @michaelheheha, @FilthyFrank: manny do it for the adobo and bagoong alamang Ahahhahahaha Holy shit 
Sun May 03 04:02:05 +0000 2015, @JemaecaC_, TUMATAWA SI MANNY ANG CUTE HAHAHA 
Sun May 03 04:02:05 +0000 2015, @ESPNNYYankees, Floods round 10-9. Not enough pressure from Manny 
Sun May 03 04:02:05 +0000 2015, @sportscastradio, #MayPac Floyd taking to Manny. Letting him know he took that round. 
Sun May 03 04:02:05 +0000 2015, @micahlop7, Hahahahaha kadlaw sha gypn ah GO MANNY 
Sun May 03 04:02:05 +0000 2015, @lightskinjules, MANNY MANNY MANNY MANNY MANNY 
Sun May 03 04:02:05 +0000 2015, @cuz888, 10-9 Mayweather. Punches landing and finding range early. Manny to shorten it up next round.  #MayPac 
Sun May 03 04:02:05 +0000 2015, @KJboxing, 10-9 Mayweather in the 1st. #MayPac #MayweatherPacquiao http://t.co/migyqpIufK 
Sun May 03 04:02:05 +0000 2015, @chillvbrendaa, Yes baby  https://t.co/1jC34ySuAw 
Sun May 03 04:02:05 +0000 2015, @proper_rotation, Ok now, manny in trouble 
Sun May 03 04:02:05 +0000 2015, @ejunioriii, Floyd dissecting Manny already. 
Sun May 03 04:02:05 +0000 2015, @huzzastyles, KEEP HIM ON THE ROPES MANNY #PacWins 
Sun May 03 04:02:05 +0000 2015, @SincerelyStephx, OMG I WONDER WHAT THE FUCK MAY SAID TO MANNY 
Sun May 03 04:02:05 +0000 2015, @zubq, Manny couldn't get near him that's why Floyd is so good 
Sun May 03 04:02:05 +0000 2015, @uanpsych, manny manny manny manny 
Sun May 03 04:02:05 +0000 2015, @meatball914, Manny hit like 2punches that round 
Sun May 03 04:02:05 +0000 2015, @ZYNympha, MANNY PACMAN MANNY PACMAN MANNY PACMAN  
Sun May 03 04:02:05 +0000 2015, @HeyDreaHere, @TheMattEspinosa who do you think will win the match? Manny or Mayweather?? 
Sun May 03 04:02:05 +0000 2015, @annemndza, Everyone at MGM Grand are rooting for Manny!!!  #GoManny #MayPac 
Sun May 03 04:02:05 +0000 2015, @lesliebbyy, My nigga Manny laughed  
Sun May 03 04:02:05 +0000 2015, @StefAndriano, Woaaaaah nacorner nangyakaaap hahahaha woaah go manny!!! 
Sun May 03 04:02:05 +0000 2015, @alinahnoelle, Manny laughs af after first round  
Sun May 03 04:02:05 +0000 2015, @carolina_bruhh, Manny laughs  
Sun May 03 04:02:05 +0000 2015, @itsJayAcosta, Fight of the century #MayPac #MayweatherPacquiao Go manny beat the shit out of him 
Sun May 03 04:02:05 +0000 2015, @ManveerParihar, Come on Manny Paquaio!!! 
Sun May 03 04:02:05 +0000 2015, @Jeffry_Zain, Manny smiling jewww 
Sun May 03 04:02:05 +0000 2015, @jhenfernz28, Start na ng Round 1...
Goodluck Manny! 
#PacquiaoMayweather #MayPac #OneForPacman #GoManny #TeamPacquiao #PusongPacquiao #LabanManny  
Sun May 03 04:02:05 +0000 2015, @angelicaabuel13, Go Manny!!
#TeamPacquiao #WeWontLetYouDown http://t.co/traxo783iP 
Sun May 03 04:02:05 +0000 2015, @Marklopez95, Manny put him on the ropes and keep him there! 
Sun May 03 04:02:05 +0000 2015, @hoodednarryy, TANGINA TAPOS NA ROUND 1 GO MANNY!

#PacquiaoMayweather 
Sun May 03 04:02:05 +0000 2015, @ronstew, LIVE! Floyd Mayweather vs. Manny Pacquiao in the fight of the century http://t.co/RIzMFV9Q5k 
Sun May 03 04:02:05 +0000 2015, @TeamLatinJustin, Justin caminando Floyd Mayweather en la pelea Floyd Mayweather vs Manny Pacquiao en Las Vegas (2 de Mayo) http://t.co/eSRE6an6G3 
Sun May 03 04:02:05 +0000 2015, @sureYEAHHH, manny!! [pic]  https://t.co/GmGDzQkNU1 
Sun May 03 04:02:05 +0000 2015, @Isaa1200, Respeta a manny hpta  
Sun May 03 04:02:05 +0000 2015, @QueenLaTilly, Floyd 1 Manny 0 
Sun May 03 04:02:05 +0000 2015, @arch3type, Manny is downloading Mayweather right now, feeling him out. This was nothing. 
Sun May 03 04:02:05 +0000 2015, @_geraldinebp, Hi team Manny  
Sun May 03 04:02:05 +0000 2015, @TiempoReal_mx, Manny arranc lento y no atac como se esperaba. Mejor Mayweather en el  primer round.  http://t.co/hxqZ5pze28 
Sun May 03 04:02:06 +0000 2015, @MannyGotCakes, Manny better tear that ass up 
Sun May 03 04:02:16 +0000 2015, @Sham__25, Manny isn't going to be smiling like for long 
Sun May 03 04:02:16 +0000 2015, @Maltby_, Round 1: Manny don't stand no chances fighting that slow. Floyd a dog tho 
Sun May 03 04:02:16 +0000 2015, @krstnkrunungn, TANG INA MANNY PULBUSIN MO NA YANG SI MAYWEATHER GAWIN MO NANG CHOCO POWDER 
Sun May 03 04:02:16 +0000 2015, @GarfielDKraKerZ, Floyd et Manny se dtestent tellement 
Sun May 03 04:02:16 +0000 2015, @kimpururoooot, HAYOP KA BAKLA KA DAMI MO SINASABI GUSTO MO HUG NI MANNY?  #PacYouMayweather #PinoyPride #PacquiaoMayweather 
Sun May 03 04:02:16 +0000 2015, @AleCataldi_, http://t.co/HdS4lP67Ib 
Sun May 03 04:02:16 +0000 2015, @_iBeenLive, Manny ain't throwing shit cause he know he can't do that wild shit wit floyd cause he gone get his ass slept 
Sun May 03 04:02:16 +0000 2015, @hellen_037, Vamos manny,manny :) 
Sun May 03 04:02:16 +0000 2015, @viaromera, Nagkachannel din  Go Manny!!! 
Sun May 03 04:02:16 +0000 2015, @Thebrokkie, Donde esta la sonrisa de manny pacquiao??.. de repente desapareci 
Sun May 03 04:02:16 +0000 2015, @eclecticharry, Do i support manny yes always 
Sun May 03 04:02:16 +0000 2015, @anggiemaghfira, manny pacqiou vs may weather, penonton dekat ring bayar 4,5 M. kasikan skali. [pic]  https://t.co/KKKWpGewD1 
Sun May 03 04:02:16 +0000 2015, @AlexBuyAndCo, Katawa lang, Tito Manny 
 
Sun May 03 04:02:16 +0000 2015, @anjubeeeeeL, Lord, please guide Manny.  
Sun May 03 04:02:16 +0000 2015, @jonathann_b, WE GOT THIS MANNY #FloydVSPacquiao http://t.co/Tw9bmsqb4k 
Sun May 03 04:02:16 +0000 2015, @awesome_lovatic, And I end up watching the fight bc they're all screaming.. And i'm screaming.

GO MANNY! 
Sun May 03 04:02:16 +0000 2015, @_Miss_Samantha_, I sincerely hope manny beats the shit out of mayweather though. Like not just slightly punches him in the face and wins.. But pummels him. 
Sun May 03 04:02:16 +0000 2015, @Alezof, La risa de Manny al terminar el round fue muy hdp jajaja 
Sun May 03 04:02:16 +0000 2015, @Real_Maude_Mae, @NiallOfficial Ni! Lezz have a bet! If Manny wins, you'll send pizza to me and @hazelbolonos . Deal?? #TeamPacman 335 
Sun May 03 04:02:16 +0000 2015, @galang_julia, WHAT DID MAYWEATHER SAY TO MANNY 
Sun May 03 04:02:16 +0000 2015, @Jgwopp,  https://t.co/jGW1ZbTVXt 
Sun May 03 04:02:16 +0000 2015, @hero2036, Really wish we were watching the manny floyd fight tonight 
Sun May 03 04:02:16 +0000 2015, @CHERRYNEXTDOOR, Did manny even throw a punch that round?? 
Sun May 03 04:02:16 +0000 2015, @FioBenedetty, Manny por Dios! eso es todo lo que tienes??? #PacquiaoMayweather 
Sun May 03 04:02:16 +0000 2015, @rjenelle, First round down and Manny's laughing  
Sun May 03 04:02:16 +0000 2015, @BrennanGregory, A T. rex has a longer reach than manny. 
Sun May 03 04:02:16 +0000 2015, @zarcastically, Mayweather vs Manny. And here I am going to work 
Sun May 03 04:02:17 +0000 2015, @danieljdolphin, Mayweather whispering some gay shit into Manny's ear 
Sun May 03 04:02:17 +0000 2015, @126_saad, Man Mayweather's defense is great. Cmon Manny, rain it on him! 
Sun May 03 04:02:24 +0000 2015, @Jxn_1, Manny was about to fire them shots and this nigga wanna hug ! 
Sun May 03 04:02:25 +0000 2015, @Chris_Dangalan, Set em up with he right manny!!! 
Sun May 03 04:02:24 +0000 2015, @fresh_kid_247, Round 1 floyd... manny ain't even swing 
Sun May 03 04:02:25 +0000 2015, @kyleezus, MANNY SCARED AF. GTFO. 
Sun May 03 04:02:24 +0000 2015, @kaeaboy, Let's go Manny knock him out 
Sun May 03 04:02:24 +0000 2015, @PxGODx, But what did Floyd whisper into Manny's ear. 
Sun May 03 04:02:24 +0000 2015, @MarioBaezB9, Manny manny manny 
Sun May 03 04:02:25 +0000 2015, @esmasude28, Link =&gt; http://t.co/M3pBNe4odT
Manny Favori Arttrma Hilesi https://t.co/X2GlObUUZG 
Sun May 03 04:02:24 +0000 2015, @szk1978, Cat Power - King Rides By (featuring Manny Pacquiao) https://t.co/Pat8egOPHA 
Sun May 03 04:02:25 +0000 2015, @LVTCUS, I WANT MY MONEY AFTER MANNY GET HIS W 
Sun May 03 04:02:25 +0000 2015, @gwynthgrncls, go manny! goodluck  #GoManny 
Sun May 03 04:02:25 +0000 2015, @OsSunglassGuy, Floyd is too quick. Manny can't touch him #PacquiaoMayweather 
Sun May 03 04:02:25 +0000 2015, @Haroldsshirt, MAYWEATHER PUNCHED MANNY IN THE KIDNEY WTAF 
Sun May 03 04:02:25 +0000 2015, @akidnamedKevnn, Tf manny say to him tho? 
Sun May 03 04:02:25 +0000 2015, @_ejfs, DI KO KINAKAYA!!! GO MANNY 
Sun May 03 04:02:25 +0000 2015, @The_Donald__,  https://t.co/HmJN24jk6C 
Sun May 03 04:02:25 +0000 2015, @donnieSTICKS, Of coarse when manny starts to throw maybitch hugs 
Sun May 03 04:02:25 +0000 2015, @ThatBuffAsian, YOU GOT THIS MANNY 
Sun May 03 04:02:25 +0000 2015, @thacrysis, Manny is in big trouble. 
Sun May 03 04:02:25 +0000 2015, @iamkathbasilio, Go Manny! 
Sun May 03 04:02:25 +0000 2015, @anthxnytg, The real question is where's manny's ma to throw down some voodoo? 
Sun May 03 04:02:25 +0000 2015, @Gordehh, Manny not even throwing punches. You can't beat Floyd by playing Floyd's game 
Sun May 03 04:02:25 +0000 2015, @raeetejaaa, LETS GO MANNY http://t.co/FfiHwU0FBw 
Sun May 03 04:02:25 +0000 2015, @WT_ALLEN, Manny better swing more 
Sun May 03 04:02:40 +0000 2015, @Rama21989, @rakshit_chopra @ShikharTanwar @aamer728 @Abhishek_Deora @abhimanyukamat @sidartbagaria CMON MANNY 
Sun May 03 04:02:40 +0000 2015, @Melody_Leong, That little convo between manny and mayweather  
Sun May 03 04:02:40 +0000 2015, @knetgustilo, Go Manny  
Sun May 03 04:02:40 +0000 2015, @UnTaMeD_DeWaYnE, I bet Mike could still drop Manny or Floyd with 1 punch 
Sun May 03 04:02:40 +0000 2015, @AlexissYBR, Vamos Manny, que es tuyo!!  
Sun May 03 04:02:40 +0000 2015, @jonetmonares, Go manny 
Sun May 03 04:02:40 +0000 2015, @215sFreshPrince, Manny looked scared, he prolly didn't throw more then 10 punches 
Sun May 03 04:02:40 +0000 2015, @King_TrueStory, Bruh Floyd seems too fast for Manny. Manny is gonna need to outsmart a little bit. Be patient for mistakes. 
Sun May 03 04:02:40 +0000 2015, @shaibrooks201, What are you up to Mayweather?? You got this MANNY! 
Sun May 03 04:02:40 +0000 2015, @kyle_caducoy, OTP MANNY AND MAYWEATHER 
Sun May 03 04:02:40 +0000 2015, @leslieelanger, Manny was about to go in too!! Mayweather got scared 
Sun May 03 04:02:40 +0000 2015, @ShadoSolo, Manny scared of Floyd son 
Sun May 03 04:02:40 +0000 2015, @suhhlee, MANNY YES BOY 
Sun May 03 04:02:40 +0000 2015, @BigGameJames_23,  @EricRayweather @ChemicalHerbie  https://t.co/1Nfy6XE6UD 
Sun May 03 04:02:40 +0000 2015, @tonipavia, go Manny! #MannyPacquiaovsMayweather 
Sun May 03 04:02:40 +0000 2015, @tswiftmcvey, GO MANNY BAWAL KA MATALO MAY PUSTAHAN PA KAMI NG CLASSMATE KO 
Sun May 03 04:02:40 +0000 2015, @glennxcoco, Floyd too busy trying to hit while Manny blocking. he gonna get tired 
Sun May 03 04:02:40 +0000 2015, @enaenss, Go Manny!!!  
Sun May 03 04:02:40 +0000 2015, @KingTerminator6, I got mayweather in this fight even though I don't like him or manny . 
Sun May 03 04:02:40 +0000 2015, @nkksbtx_, Manny! Manny! Manny!  
