Sun May 03 04:26:58 +0000 2015, @saul_santiago_, Wish someone would hug me the way Mayweather does to manny  
Sun May 03 04:26:58 +0000 2015, @gabryel026, Go manny! 
Sun May 03 04:26:58 +0000 2015, @unmailer, Floyd ve la matrix, pero Manny aun cree #MayweatherPacquiao 
Sun May 03 04:26:58 +0000 2015, @CAMFY, @MaryyyyyGoRound five rounds for manny and two for the other guy hahaha round 8 na!! I should be paid for this hahaha 
Sun May 03 04:26:59 +0000 2015, @jnznpaul, Tricky Floyd Mayweather. Basta Manny Pacquiao pa rin kami kahit anong mangyari! 
Sun May 03 04:26:59 +0000 2015, @SheinaGorriceta, Go Manny. 
Sun May 03 04:26:59 +0000 2015, @CutieePatottiee, Mcdo Manny af 
#TEAMPACQUIAO #PacquaioMayweather http://t.co/zF04I36spM 
Sun May 03 04:26:59 +0000 2015, @kimonostereo, Manny! Sweep the leg!!! 
Sun May 03 04:26:59 +0000 2015, @notxela, GO MANNY WOOOOO

ang tagal punyeta 
Sun May 03 04:26:59 +0000 2015, @lukexiixiv, Kaya mo yan manny! KNOCK HIM OUT! 
Sun May 03 04:26:59 +0000 2015, @amxdecano, i need manny to finish him 
Sun May 03 04:26:59 +0000 2015, @MEDAforcebewitu, THAT SWEET REPLAY OF MANNY'S PUNCH DOE  
Sun May 03 04:27:09 +0000 2015, @KianneXXVI, Go Manny!  
Sun May 03 04:27:09 +0000 2015, @Arbre_Mojo, Rat la moiti du round... Sur ce que j'en ai vu il est pour Manny. 67-66 Money. 
Sun May 03 04:27:09 +0000 2015, @XxFlame_BoyxX, @Twiggy32123 http://t.co/ggFczIIDVx 
Sun May 03 04:27:09 +0000 2015, @AlmightyRell_, Manny Might be winning according to the judges 
Sun May 03 04:27:09 +0000 2015, @neeva__otsim, "@alexisvaldivia_: Mayweather has hugged Manny more times than my dad has hugged me my whole life"LMFAOOOO DED 
Sun May 03 04:27:10 +0000 2015, @DylanSayther, Go manny 
Sun May 03 04:27:09 +0000 2015, @Samuel_In11, Alright manny gonna win by ko this round 
Sun May 03 04:27:10 +0000 2015, @mrsbumkim, ISANG MALAKAS LANG MANNY OH 
Sun May 03 04:27:09 +0000 2015, @Spanishqueenxo, FOREALLLLLLLL https://t.co/9FNmtXMgBd 
Sun May 03 04:27:10 +0000 2015, @sabbytical, Woot woot nice jab manny!!!!! 
Sun May 03 04:27:10 +0000 2015, @natsukihanae, what's next??? manny pacquiao will lose and it's gonna be my fault????? 
Sun May 03 04:27:10 +0000 2015, @deviantkids, manny got a good face punch to floyd's face that round 
Sun May 03 04:27:10 +0000 2015, @rainforestliam, Idk but this manny fellow is a cute little man 
Sun May 03 04:27:10 +0000 2015, @michaelpanotchi, @NiallOfficial Let's cheer for Manny
#GoManny
#BestFandomCA2015 Directioners 
Sun May 03 04:27:10 +0000 2015, @flexpatriate, 67-68 manny takes the lead, edging it out and finding his range 
Sun May 03 04:27:10 +0000 2015, @sy_yulyu1k, PAG NANALO SI MANNY DI AKO MALILIGO JOKE HAHAHAHAHHAHAHHAHAHA GAGO 
Sun May 03 04:27:10 +0000 2015, @Pattinn, Manny with a nice combination that went right through Mayweather's defense #GoManny #PacquiaoMayweather 
Sun May 03 04:27:10 +0000 2015, @iammrenergy, Manny it's not looking good bro. #MayweatherPacquaio 
Sun May 03 04:27:10 +0000 2015, @shaaaamh, Dammit. https://t.co/tB8oiwC3Vx 
Sun May 03 04:27:10 +0000 2015, @buletinID, #buletin Floyd Mayweather vs Manny Pacquiao Tanding, Seleb Hollywood Heboh http://t.co/zohWvVKH3L #indonesia 
Sun May 03 04:27:10 +0000 2015, @Hunter_K97, Aye, spoiler alert but Manny wins and saves Diego. http://t.co/UblRIGm6i4 
Sun May 03 04:27:10 +0000 2015, @mintytopdj, Need Manny to knock the cunt out in this round 8th #MayPac 
Sun May 03 04:27:10 +0000 2015, @MaxxnCheese, Idk how anyone has manny up 
Sun May 03 04:27:19 +0000 2015, @Alfredovz2014, mucha lana pocos madrinazos: estoy viendo Manny Pacquiao 
Sun May 03 04:27:19 +0000 2015, @EmiFinn33, #PeleaDelSigloTD vamos manny thu puedes 
Sun May 03 04:27:19 +0000 2015, @kyon_eun03, Manny punched Floyd hard on the face! An almost knock-out! Go Manny #PacquiaoMayweather 
Sun May 03 04:27:20 +0000 2015, @nastyglass, 5-2 mayweather jr.. manny seems to  taking  rounds off. to conserve himself, Floyd need to pick up the pace . 
Sun May 03 04:27:20 +0000 2015, @ItsGlennVB, I really hope Manny wins, teach that man what being humble means 
Sun May 03 04:27:20 +0000 2015, @NButts16, As of now I think Manny is winning.. 
Sun May 03 04:27:20 +0000 2015, @shambolics, 30-Love... Manny. #IDontKnowBoxing 
Sun May 03 04:27:20 +0000 2015, @Esssiiieee_xo, @itz_nickayin @ataylorlewis http://t.co/JXfkmtd4bd loool sorry my bad, i wasnt paying attention to twitter 
Sun May 03 04:27:20 +0000 2015, @nhAnneilove, Manny!!! 
Sun May 03 04:27:20 +0000 2015, @sighlurv, Omg https://t.co/LBneNNnxRF 
Sun May 03 04:27:20 +0000 2015, @SalSamayoa, MANNY! MANNY! MANNY! LET'S GO @MannyPacquiao 
Sun May 03 04:27:20 +0000 2015, @whorhey86, I got it 4-3 for manny #MayPac 
Sun May 03 04:27:20 +0000 2015, @idolsdrugss, hazlo mierda al negro ese VAMOSSS MANNY 
Sun May 03 04:27:20 +0000 2015, @MIGUEL247_, Esta perdiendo manny #MayweatherPacquiao 
Sun May 03 04:27:20 +0000 2015, @BeyoncVenezuela, Beyonc y Jay Z junto a Mary J. esta noche en la pelea Floyd Mayweather Jr. - Manny Pacquiao #MayweatherPacquiao http://t.co/ErnBCObLOF 
Sun May 03 04:27:20 +0000 2015, @TheGorgeousGoon, Floyd is making Manny look so mediocre 
Sun May 03 04:27:20 +0000 2015, @gwynethlnz, Sila: woo go manny! Shet patumbahin mo na

Me: kakasimula palang samin 

Sad lyf 
Sun May 03 04:27:27 +0000 2015, @EddieEsChido, Hoy el examen me puteo mas de lo que Manny a May. 
Sun May 03 04:27:27 +0000 2015, @Shailamaee_, ang galing mo manny! omgg suntukin mo pa! 
Sun May 03 04:27:27 +0000 2015, @dallas_glenn, Eh. Close. Pacquiao was more aggressive. I give it 4-3 manny. 
Sun May 03 04:27:27 +0000 2015, @Anjingnators, Owhhhhhh tumbukan Pac ditepis Manny!

Kedudukan di minit 56' kekal Mayweather 1-4 Pac. 
Sun May 03 04:27:27 +0000 2015, @justin_aaric, the money team gonna be bankrupt by manny right quick 
Sun May 03 04:27:28 +0000 2015, @SumagueLyssa, Don't mind my face.  Go Manny! #OneForPacman https://t.co/0DvGXZ8ruZ 
Sun May 03 04:27:28 +0000 2015, @mrjrprk, GO MANNY SOLIIIIID! #PacquiaoMayweather 
Sun May 03 04:27:28 +0000 2015, @elizupls, Buti pa si Manny hinahabol, ako hindi #MayPac #MayHugot 
Sun May 03 04:27:27 +0000 2015, @gibramik, how manny??  @QueenEthel : Manny Pacquiao!!" 
Sun May 03 04:27:28 +0000 2015, @CristineeFTW, Boom isa pa manny!! 
Sun May 03 04:27:28 +0000 2015, @CharlApril, Pag natalo dito si Manny wala ng re-match yan. 
Sun May 03 04:27:28 +0000 2015, @ChrisW_1995, Go on Manny 
Sun May 03 04:27:28 +0000 2015, @sighlurv, Omg  https://t.co/p9WjRpmHQD 
Sun May 03 04:27:28 +0000 2015, @bigleteargenel, "@KuyaEdu: TANGINA KA MAYWEATHER AH, MISS NA MISS MO BA SI MANNY AT PURO YAKAP LANG ANG GINAGAWA MONG HAYUP NA NEGRO KA"  
Sun May 03 04:27:28 +0000 2015, @hesgoneforlou, My bitch niall is supporting pacman WELL MANNY U GOT A JOB TO DO 
Sun May 03 04:27:28 +0000 2015, @ThePauloMabugat, If Manny wins, I will lose my virginity (again) HAHAHAHA #GoManny 
Sun May 03 04:27:28 +0000 2015, @boyer_connie, Manny in 6 for me but mayweather holding his own in 7 
Sun May 03 04:27:28 +0000 2015, @Safari_Sparker, @SirCoach Maniac scoring for ESPN had Manny winning 4 rounds in a row 
Sun May 03 04:27:28 +0000 2015, @francorreag27, Filipinas viendo a Manny en estos momentos http://t.co/SwyIzzkfcn 
Sun May 03 04:27:28 +0000 2015, @BalderamaJoseph, manny got this fight, floyd just keeps grabbing #PacWins 
Sun May 03 04:27:28 +0000 2015, @charlaamangune, crush yata ni mayweather si manny  
Sun May 03 04:27:28 +0000 2015, @88Styles, Not evnough desperation from Manny. Does he think it's even cause I have it 5-2 Mayweather... 
Sun May 03 04:27:37 +0000 2015, @SlackHound, Fun fact: if Manny wins, there's an automatic rematch set. #MayweatherPacquiao 
Sun May 03 04:27:37 +0000 2015, @AndrewLetsGo, Buenos jabs de Floyd,por ahora Manny va perdiendo por puntos #MayweatherPacquiao 
Sun May 03 04:27:37 +0000 2015, @ZachPowers253, @DJNphared I can dig it. I expected not to care about the fight, but as a casual fan I find the way manny fights super endearing. 
Sun May 03 04:27:37 +0000 2015, @lykacabais, @FunnyPokemon: Retweet if you want Manny Pacquiao as your starter Pokemon @neillteodoro 
Sun May 03 04:27:37 +0000 2015, @Dee_Lep, Lol "@OwaFlopo: Wa phapha Manny "@Mpho_M_: Manny needs to calm down a lil... or he won't see the 10th"" 
Sun May 03 04:27:37 +0000 2015, @joycegarcia, Husband texting me from bar where #MayPac is showing. Rooting for Manny, but more concerned about 7yo's dead betta. I have my priorities. 
Sun May 03 04:27:37 +0000 2015, @neozoby, I like mayweather he receives the punch then he hugs back Manny, how sweet. #round8 #hakosKing 
Sun May 03 04:27:37 +0000 2015, @kwiisteen07, Laban manny  
Sun May 03 04:27:37 +0000 2015, @UltraGator, Lead left by Manny http://t.co/VAEaaeZyJf via @ScribbleLive 
Sun May 03 04:27:37 +0000 2015, @alfwarman, Mayweather settling for the points then, at least Manny has had a go 
Sun May 03 04:27:37 +0000 2015, @montigol, ESPN are scoring a lot of rounds for Manny despite what Sky say. 
Sun May 03 04:27:37 +0000 2015, @jonesschriss, @Colin_Milet_22 he don't got hands like Manny bro 
Sun May 03 04:27:37 +0000 2015, @LizSoberanoQuen, MANNY MANNY MANNY MANNY 
Sun May 03 04:27:37 +0000 2015, @air_up_there13, 4-3 Manny 
Sun May 03 04:27:37 +0000 2015, @celestialaxy, #PacquiaoMayweather #Pacman #TeamPacquiao #TeamPacman 

Manny Pacquiao for the win! 
Sun May 03 04:27:38 +0000 2015, @LoveLeamichele1, Manny!  
Sun May 03 04:27:37 +0000 2015, @enchonnggo, TAMA TACTICS NI MANNY MAPAPAGOD SI FLOYD DI MAKAKASUNTOK MAMAYA HAHAHAHA DANCER SI FLOYD #TeamPacquiao 
Sun May 03 04:27:38 +0000 2015, @Frimp_, Manny throwing punches but landing fuck all 
Sun May 03 04:27:38 +0000 2015, @ProVerbMusic, Floyd looks hurt, but on the other end Manny looks like he is getting tired. #MayweatherPacquiao 
Sun May 03 04:27:38 +0000 2015, @Mavsinho, 4-3 imo so far for Manny 
Sun May 03 04:27:38 +0000 2015, @Alexmusic14, @Omundson let's go manny I totally love that both James roday and Tim are rooting for manny #YouKnowThatsRight  #GottaLoveThePsychCast 
Sun May 03 04:27:38 +0000 2015, @sharmaebriones, @KuyaEdu: TANGINA KA MAYWEATHER AH, MISS NA MISS MO BA SI MANNY AT PURO YAKAP LANG ANG GINAGAWA MONG HAYUP NA NEGRO KA 
Sun May 03 04:27:38 +0000 2015, @JPAGOLF, Apagaron las heladeras en Filipinas y arranco a boxear Manny! 
Sun May 03 04:27:38 +0000 2015, @LadyWallwork, I got a milli on Manny! #Pacquiao 
Sun May 03 04:27:38 +0000 2015, @justforfantider, @camerondallas Go Manny Go Manny Sexy love! ;) 
Sun May 03 04:27:47 +0000 2015, @iKarolEmmanuel, That right hand job of Manny on Maywaether face was the best! 
Sun May 03 04:27:47 +0000 2015, @detainedlouis, Kahit sa twitter lang ako nanood. GOO MANNY YOU CAN WIN THIS!!!

#MannyPacquiao #MayPac 
Sun May 03 04:27:47 +0000 2015, @varunazuki, Mayweather: "I want you."
Manny: "Not now." 
Sun May 03 04:27:47 +0000 2015, @BlackShorts09, Kabahan ka na Mayweather...  go manny for round 8 i KO na yan!!! #OneForPacman 
Sun May 03 04:27:47 +0000 2015, @1hunnit____, Omfgfrom what I'm seeing Manny finna win 
Sun May 03 04:27:47 +0000 2015, @insta_hamburg, Go manny! #pacman#mayweather#pacqiao#ofeuer#boxen#schanze#hamburg #fightnight#fightofthecentury#germany #lasvegas by casandro_hh  
Sun May 03 04:27:47 +0000 2015, @Cantguard_XT, Mann fuck manny, Floyd finna beat that ass 
Sun May 03 04:27:47 +0000 2015, @Mikey_Maggot666, I liked a @YouTube video http://t.co/17MKPvw5ou Floyd Mayweather vs Manny Pacquiao LIVE FIGHT 02/05/2015 
Sun May 03 04:27:47 +0000 2015, @Adrianbuena, hahaha https://t.co/lD0lf8QHKY 
Sun May 03 04:27:47 +0000 2015, @THEJohnFemia, Manny is holding his own. Or....Floyd is doing the ol' Rope-a-Dope. Time will tell. Great fight so far, though!  #MayPac 
Sun May 03 04:27:47 +0000 2015, @MAPrincessPearl, "@tbhjubelyn: ANAKPOTA KAPAG DI NANALO SI MANNY PAGSUSUNTUKIN MO YUNG JUDGES" HAHAHAHAHA 
Sun May 03 04:27:47 +0000 2015, @Chaz_Hines1, Give it Manny 
Sun May 03 04:27:47 +0000 2015, @lovingsoojung, Go manny!!!! #MayPac  #PacquiaoMayweather you can do it~ 
Sun May 03 04:27:53 +0000 2015, @AntwonMitchell, @MrAdamAp It's 5-2 at best for Manny 
Sun May 03 04:27:53 +0000 2015, @damasogarcia61, #tehacefaltavermasbox vamos con manny 
Sun May 03 04:27:53 +0000 2015, @cablaralsace, Daaaamn manny 
Sun May 03 04:27:53 +0000 2015, @EnricoCardona, Nice one manny 
Sun May 03 04:27:53 +0000 2015, @EuTeAmoRMadrid, I'm dying over here, I want Manny to win as much as I wanted Real Madrid to win the Champions League Hope he pulls a Ramos. 
Sun May 03 04:27:53 +0000 2015, @villafarias93, Maoso y zorro Mayweather. Esperemos que Manny se ilumine #LaPeleaDelSigloEnADN 
Sun May 03 04:27:54 +0000 2015, @RBetancourt22, Manny Pacquiao &lt;3 
Sun May 03 04:27:54 +0000 2015, @MapIesy, 5-2 manny 
Sun May 03 04:27:53 +0000 2015, @brdah_, Eres tu Manny, eres tu. 
Sun May 03 04:27:53 +0000 2015, @rickyberlusconi, @Bolanet Manny pacquiao! 
Sun May 03 04:27:54 +0000 2015, @RealFriscoKid, Manny may not be winning the fight on points, but He has staggered Floyd a couple of times #MayweatherPacquiao 
Sun May 03 04:27:54 +0000 2015, @RuthlessALIF, Manny winning. The jabs man, the jabs... 
Sun May 03 04:27:54 +0000 2015, @ZiGZagSwag, Manny Pacquiao down by one point 
Sun May 03 04:27:54 +0000 2015, @1e80c717ed5a4aa, @BBCSport fight manny.:-) 
Sun May 03 04:27:53 +0000 2015, @lrosi1Direction, No olvidemos la foto de Zayn con Manny Pacquiao !
#BestFandomCA2015 Directioners #LaPeleaDelSigloEnTD http://t.co/W4qVLEz7Sp 
Sun May 03 04:27:54 +0000 2015, @juliavalencia_, GO MANNY OMG  
Sun May 03 04:27:54 +0000 2015, @mrdjsm, round8 naaa. Ambilis. Go Manny! #PHpride #MannyPacquiao #MP #LabanParaSaPilipino #OneForPacman 
Sun May 03 04:27:54 +0000 2015, @MoviesShareLink, Today Watch Manny Pacquiao vs Floyd Mayweather Live Online Stream : http://t.co/pf1GTm92Wu #boxing v-284 
Sun May 03 04:28:16 +0000 2015, @_mariasison, @NaughtyBoyMusic FUCK YOU BITCH ITS MANNY PACQUIAO GTH!!!! 
Sun May 03 04:28:17 +0000 2015, @imjoramreyes, Manny! Manny! Manny! @MannyPacquiao #PacquiaoMayweather 
Sun May 03 04:28:17 +0000 2015, @kimeee016, Land those punches, Manny! 
Sun May 03 04:28:16 +0000 2015, @mara_doha, Go Manny! #MannyPacquiao #LabanManny http://t.co/z9LQAr13im 
Sun May 03 04:28:17 +0000 2015, @pizzaaftljp, CROWD IS MANNY AF 
Sun May 03 04:28:17 +0000 2015, @crownthenomadd, Manny running Floyd all around that ring but he still like #nope 
Sun May 03 04:28:17 +0000 2015, @ChrisD_Beast, Come on Manny!! Please win!! 
Sun May 03 04:28:17 +0000 2015, @charrleess, The crowd shouting Manny! 
Sun May 03 04:28:17 +0000 2015, @ramosomar52, Flurries at the end of the round aren't enough.Manny needs a knock out now 
Sun May 03 04:28:17 +0000 2015, @beebeealba, we support manny all the way! 
Sun May 03 04:28:17 +0000 2015, @lolengkamote10, Basta Pera Ipa LBC Na! xD Ads pa more! This is it pansit! Go Manny! &lt;3 #AnnoyingAds #PacquiaoMayweather https://t.co/0wIyU7xQaG 
Sun May 03 04:28:17 +0000 2015, @Marioo_Portillo, Manny se esta cogiendo a Money 
Sun May 03 04:28:17 +0000 2015, @RealAdrielDiaz, Got respect for Mayweather but I got mad love for Manny &amp; his humility 
Sun May 03 04:28:17 +0000 2015, @LizaHMBee, Daming nag checheer kay manny hahaha 
Sun May 03 04:28:17 +0000 2015, @Nelly_MolinaH, dale manny !!! duro con el water ese!!! jajja fuerza #Pacman 
Sun May 03 04:28:17 +0000 2015, @StuartRoco, @TheDeluxe4 manny 
Sun May 03 04:28:17 +0000 2015, @audreyyrobin_, MANNY MANNY MANNY 
Sun May 03 04:28:17 +0000 2015, @MrMarcuss, Manny looking tired 
Sun May 03 04:28:17 +0000 2015, @maegungaab, CROWD CHEERING ON MANNY LESSGO 
Sun May 03 04:28:17 +0000 2015, @iamJHElous, "@PakshitNaman: ROUND 8 NA, PUTRAGIS. GO MANNY!!!" 
Sun May 03 04:28:17 +0000 2015, @Daaaaannee, manny manny manny manny manny manny!! 
Sun May 03 04:28:17 +0000 2015, @thatssosteff, MANNY MANNY MANNY MANNY 
Sun May 03 04:28:17 +0000 2015, @kOweNto, Manny so fed. Wag greedy doe. 
Sun May 03 04:28:17 +0000 2015, @MadeWithMadness, Beat the shit out of him Manny  do etttt 
Sun May 03 04:28:17 +0000 2015, @Uns0phisticated, "Go Manny! Paputiin mo si Mayweather" Repost from Ate Luzell's status. Hahahahahaha can't stop laughing lol 
Sun May 03 04:28:27 +0000 2015, @Anejhlamarie, Jgh! Go manny! You can do this!!  You got this! #TeamPacquiao #GoManny #OneForPacman #PacquiaoMayweather 
Sun May 03 04:28:27 +0000 2015, @Evangely_GHD, Vamos  Manny  
Sun May 03 04:28:27 +0000 2015, @SuperRhanlie, HAHAHAHAHA! go manny http://t.co/Du2Z6uFOSQ 
Sun May 03 04:28:27 +0000 2015, @Brandon_Lam, Who you're rooting for says a lot about yourself. Come on manny! 47-1. 
Sun May 03 04:28:27 +0000 2015, @nguscott, @Robert_Nicks13 http://t.co/bmSBsOQhsU 
Sun May 03 04:28:27 +0000 2015, @sesevilmaknae, K-Idols be like: Go Manny Oppa! Go! Hyung  
Sun May 03 04:28:27 +0000 2015, @IsaachJavier, @leigabrentina hmm ate, itatanong pa ba? Syempre Manny! Hehe 
Sun May 03 04:28:27 +0000 2015, @radine_ijjieh27, @HellYeahJK wala ko duty mam.. pro kung nag duty ko, naka off na ko nefore mag gwa hampang nila manny.. weseetttt 
Sun May 03 04:28:27 +0000 2015, @ndaynels, Go manny your the best 
Sun May 03 04:28:27 +0000 2015, @Tonio_Adgers, Manny has some speed with those punches tho 
Sun May 03 04:28:27 +0000 2015, @stephgarcia_xo, Is the audience shouting Money or Manny? 

We will never know. 
Sun May 03 04:28:27 +0000 2015, @tomlinsthetic, YUNG WEIGHT IN PA LANG NATATAWA NA SI MANNY TAPOS SA LABAN NGUMINGITI SIYA IDOL KO TALAGA SI PACMAN WOOOH 
Sun May 03 04:28:27 +0000 2015, @J0hnNyBrAv0o, Manny throwing haymakers  
Sun May 03 04:28:27 +0000 2015, @BetaThanFalcao, Go on manny lad #MayPac 
Sun May 03 04:28:27 +0000 2015, @bigblake555, Manny has round 8 
Sun May 03 04:28:27 +0000 2015, @ClarisseBby, omg may or manny whos gonna win? 
Sun May 03 04:28:27 +0000 2015, @22cobb, Being honest. Manny is better at offense. Floyd is better at defense 
Sun May 03 04:28:27 +0000 2015, @cookiedice, HAZLE LA QUEBRADORA PINCHE MANNY!!! SI NO PUEDES LE HABLAMOS AL PINCHE REY MISTERIO PARA QUE SE LO CHINGUEEEE!! 
Sun May 03 04:28:27 +0000 2015, @migelamigela, GO MANNY NAKAKAGIGIL BAKIT 
Sun May 03 04:28:27 +0000 2015, @bimayu, Remember: Mayweather waited till he's in his prime and Manny out of his prime...he did not put the #pussyonachainwax 
Sun May 03 04:28:27 +0000 2015, @MilagrosAbby, Manny Manny Manny! :v  
Sun May 03 04:28:27 +0000 2015, @ervinsuba, Go Manny!!! #MayPac 
Sun May 03 04:28:27 +0000 2015, @caseycaldwell92, "Manny manny manny" 
Sun May 03 04:28:27 +0000 2015, @MICH4ELP00P, posta mayweather es re tipo serpiente ahre me da miedo DALE MANNY 
Sun May 03 04:28:27 +0000 2015, @Aleeeciiaaa, Oh nah his fans sicing manny head rn lmao 
Sun May 03 04:28:27 +0000 2015, @ainsleygian, manny c'mon 
Sun May 03 04:28:27 +0000 2015, @joenaht, If only manny had that reach 
Sun May 03 04:28:27 +0000 2015, @oyo20001, GO MANNY PACQUIAO
KAYA MO YAN 
Sun May 03 04:28:27 +0000 2015, @khengpots, Tumba mo manny, madaya yan. 
Sun May 03 04:28:27 +0000 2015, @NINATAMAD, My dad left us to watch manny's fight. And yup, he didn't even invited us -.- 
Sun May 03 04:28:33 +0000 2015, @RealHomie_Stix, Manny Dey Throw Useless Punches. 
Sun May 03 04:28:33 +0000 2015, @jkhey1234, After 7 rounds, Dan Rafael scores the fight 68-67 for Manny Pacquiao, with Floyd Mayweather winning the 7th round. http://t.co/VEp7P3oOsz 
Sun May 03 04:28:32 +0000 2015, @kateseminiano, OH TIGNAN MO ROUND 8 NA PERO DITO KANTAHAN PA DIN JUSME PURO PATALASTAS PA  https://t.co/1zZVTRtTEr 
Sun May 03 04:28:33 +0000 2015, @FreshLordThami, Manny's left hand is messing with floyd... 
Sun May 03 04:28:33 +0000 2015, @goldfmromania, #stiri  Floyd Mayweather a ctigat o avere din meciul cu Manny Pacquiao  i face salariul lui Chipciu n 4 secunde http://t.co/OEdxzjzaNV 
Sun May 03 04:28:33 +0000 2015, @kaylapaligsa, MAY BALAK ATA TO SUMUNTOK SA NUTS NI MANNY EH HAHAHAHHA 
Sun May 03 04:28:33 +0000 2015, @sweetcelhoran, Puro Manny ang sigwan #GoManny #LabanManny #OneForPacman 
Sun May 03 04:28:33 +0000 2015, @Boxingwood, Manny is throwing flurries... But very few are finding the mark currently #MayPac #Boxing 
Sun May 03 04:28:33 +0000 2015, @FrescoRex, Tang ina sabi ng mga tao Money Manny Money Manny hahaha panalo na kasi sila sa pustahan 
Sun May 03 04:28:33 +0000 2015, @biancaaamelo_, jusme pag talo pa si manny 
Sun May 03 04:28:33 +0000 2015, @Aylminion, way gne gawa ya gapanbon tsura si manny si floyd ya du sa gwapo2 nga tabunan gd tsura ya kalaw ay man cya pwe 
Sun May 03 04:28:33 +0000 2015, @Juan_Robles11, Hahahaha you ain't doing shit manny 
Sun May 03 04:28:33 +0000 2015, @SwtSofie08, Pinapakita ni MAYWEATHER NA MAHINA SYA PARA EXPECTED NI MANNY MABILIS NYANF MATATAKO SI PACQUIAO 
Sun May 03 04:28:33 +0000 2015, @Thequeen_jc, Manny! Manny! Manny! Manny! @NiallOfficial 
Sun May 03 04:28:33 +0000 2015, @impatriciapetch, Crush nya ata si manny!! Hahahaha 
Sun May 03 04:28:33 +0000 2015, @KevyBhoy79, #TheFixIsIn
Come on #Manny. There's no passion behind those punches. 
Sun May 03 04:28:33 +0000 2015, @kritten14, Can hear the arena yelling for manny 
Sun May 03 04:28:33 +0000 2015, @itsEAZY15, I got Manny winning these niggas crazy 
Sun May 03 04:28:33 +0000 2015, @alyzaxx, THE MGM CROWD ARE MANNY AF 

#BestFandomCA2015 Directioners 
Sun May 03 04:28:33 +0000 2015, @AltheaParala, If Manny loses, Filipinos will make the Baltimore riots look cute... 
Sun May 03 04:28:33 +0000 2015, @chuckyprudente, And most of the crowd cheers for manny!!!  
Sun May 03 04:28:33 +0000 2015, @stylesdarkling, KAYANG KAYA MO YAN MANNY #BestFandomCA2015 Directioners #BestSmileCA2015 Harry Styles 
Sun May 03 04:28:33 +0000 2015, @joesilva18, Go manny!!! 
Sun May 03 04:28:39 +0000 2015, @thejimlawson, Manny bomaye! 
Sun May 03 04:28:39 +0000 2015, @chrysahrabntln, MAY TINATAGONG FEELINGS PALA ITONG SI MAYWEATHER  https://t.co/47wxCyDL3P 
Sun May 03 04:28:39 +0000 2015, @vainswift, @NaughtyBoyMusic hoy si mayweather lang yun wag mo idamay si manny taba 
Sun May 03 04:28:40 +0000 2015, @SanDonica, Go manny https://t.co/nlmJ4jqJq8 
Sun May 03 04:28:40 +0000 2015, @michi191068, Floyd Mayweather gegen Manny Pacquiao jetzt im Liveticker - Das Money-Team ist auf dem Weg http://t.co/TkCJQmHjqO 
Sun May 03 04:28:40 +0000 2015, @Mydreamruiz, @Dannnoise Si gana Floyd me debes unos besos s gana Manny te los debo yo 
Sun May 03 04:28:40 +0000 2015, @BakangPhuthego, The whole auditorium is screaming Manny....but Mayweather is not to be underestimated 
Sun May 03 04:28:40 +0000 2015, @PrestonAlbright, I've never seen a punch back Floyd up as fast as Manny's left straight. Crazy speed and power. 
Sun May 03 04:28:40 +0000 2015, @SoyaWilk, Heavy rains! The sky's also rallying for Manny! 
Sun May 03 04:28:40 +0000 2015, @Daniela_stays, Ese negro esta es enamorado de manny, bc es que lo abraza. 
Sun May 03 04:28:40 +0000 2015, @AmazinLin, Manny you're representing. Punch those jabs. I'm with you baby. Let's go!!! #PacMan #TeamPacquiao 
Sun May 03 04:28:40 +0000 2015, @kimlynx_, Cute ni Manny omg hahahahaha https://t.co/JVwHFY7oFp 
Sun May 03 04:28:40 +0000 2015, @ygwhatever23, Damn people chanting manny's name! 
Sun May 03 04:28:40 +0000 2015, @LiveFight, Manny's work rate has been nullified by Floyd's accuracy and movement so far. Rd 8 and pattern formed #MayPac 
Sun May 03 04:28:40 +0000 2015, @Vyampier, Manny no esta tirando puos como loco como siempre 
Sun May 03 04:28:40 +0000 2015, @brokutos, "manny manny honey naman" 
Sun May 03 04:28:40 +0000 2015, @ElatedBunny, Mayweather a-corner ni Manny a-yakap,a-takbo. HAHAHAHAHA. 
Sun May 03 04:28:40 +0000 2015, @estherortega2, Ps akii apoyando a manny mayweater muy fanfarron 
Sun May 03 04:28:40 +0000 2015, @Chassee101, Cgeg touch sa abs ni manny uy!! BAYOT 
Sun May 03 04:28:40 +0000 2015, @_zeebae, MANNY MANNY MANNY MANNY #MayPac 
Sun May 03 04:28:40 +0000 2015, @paulinejoy97, Lets go Manny!!!!!!!! 
Sun May 03 04:28:49 +0000 2015, @jerrimaydeleon, I need to pee but what if manny knocks out mayweather during that time  
Sun May 03 04:28:49 +0000 2015, @Karmelo7, Sadly manny no lo va a noquear y JAMAS le van a dar la pelea por decision. Solo seguiremos odiando a floyd q encima es su marketing strat. 
Sun May 03 04:28:49 +0000 2015, @Redjihndance, "@MadamBertudFP: Floyd Mayweather be like... Hug mo ko Manny. Hug mo ko? #PacquiaoMayweather http://t.co/mWBC2rD80O" 
Sun May 03 04:28:49 +0000 2015, @supeeermaryow, kung makapag status about sa laban ni manny akala mo naman napapanuod nila live. ulul
#galawangbreezy
#mkapagpost lang eh 
Sun May 03 04:28:49 +0000 2015, @batallonesmhegz, Nag-eenjoy ako magbasa ng tweets 'bout MayPac fight! HAHAHAHA omg go Manny! 
Sun May 03 04:28:49 +0000 2015, @mndinae, @robertmaraw there's no way this manny guy gonna beat moneyweather, the guy is technician 
Sun May 03 04:28:49 +0000 2015, @rickySolon, here we go... https://t.co/fFy2dlS6Tc 
Sun May 03 04:28:49 +0000 2015, @hotmochalouis, MANNY CORNERED HIM SO BAD YES BITCH BEAT HIS ADD 
Sun May 03 04:28:49 +0000 2015, @JRicardoDH, Relajao. 
Viendo la Pelea.
Manny Pacquiao  https://t.co/inDOo6ZQaB 
Sun May 03 04:28:49 +0000 2015, @anteeniyuurrrr, idk how mayweather is in the lead when he keeps getting manny in headlocks 
Sun May 03 04:28:49 +0000 2015, @MichaelW923, Manny landing 23% Mayweather 50%... 
Sun May 03 04:28:50 +0000 2015, @PatsFoolDylan, Manny gettin tired 
Sun May 03 04:28:50 +0000 2015, @CalvinNUFC_1892, Manny keeps on missing these big jabs! 
Sun May 03 04:28:50 +0000 2015, @tRi11mvnthv, MANNY HAS HIM IN THE CORNER ... 
Sun May 03 04:28:50 +0000 2015, @EduardoHC_, Vamos Manny, tu puedes, ya lo tienes  
Sun May 03 04:28:50 +0000 2015, @gonerthon, Manny has to win if it comes to card mayweather hasn't won one round 
Sun May 03 04:28:50 +0000 2015, @iamchristiansen, Its so obvious that Manny had more points in punches #MayPac 
Sun May 03 04:28:50 +0000 2015, @WessKier, Any last minute bets. My money on Manny 
Sun May 03 04:29:00 +0000 2015, @teasinghoeran, He keeps hugging Manny 
Sun May 03 04:29:00 +0000 2015, @TerryStOnge, @peppermintfatty manny' has 4 of 7 rounds how can u have Mayweather up ? 
Sun May 03 04:29:00 +0000 2015, @YowlowFolks, Manny needs to sustain the punch rate and I cannot see him doing that. Don't lose hope Manny! 
Sun May 03 04:29:00 +0000 2015, @heyyoukeziaah, Patumbahin mo na Manny!!! 
Sun May 03 04:29:00 +0000 2015, @pathoulihan, Hit the SOB Manny! #PacquiaoMayweather 
Sun May 03 04:29:00 +0000 2015, @bashyme, "T, kung nagpauli ka di LIVE ka tani kalantaw hampang ni Manny."
- Mama

Oh na Ma  
Sun May 03 04:29:00 +0000 2015, @heyitsAPL, Inaya mo na lang sana ng yakapan si Manny. Di yung may pawelter weight ka pang nalalaman Floyd -_- 
Sun May 03 04:29:00 +0000 2015, @shielalamaee, If mayweather got Justin Bieber, Manny Pacquiao got Niall Horan!!!! 
Sun May 03 04:29:00 +0000 2015, @joshua_twitty, Manny tired yall 
Sun May 03 04:29:00 +0000 2015, @_aaantthony, Mayweather has 51% landed punches manny only has 28% 
Sun May 03 04:29:00 +0000 2015, @jammgonzaless, Kada malalakas na suntok ni manny, "OOOHHHH!!"  
Sun May 03 04:29:00 +0000 2015, @miidarr, Kinakalabit lang ata ni mayweather si manny!  
Sun May 03 04:29:00 +0000 2015, @maurocristiance, Mayweather Estaa Re Cagado Jaja Manny Lo Esta Cagando A Palo ;) 
Sun May 03 04:29:00 +0000 2015, @lamessican, Ok manny I see you  
Sun May 03 04:29:00 +0000 2015, @aliyaherana, Manny wants to win for his country...... While Mayweather wants to win for his PRIDE.....utuuuuuuuutmu 
Sun May 03 04:29:00 +0000 2015, @IncognitoGeek, Each hit. Each flurry. Each time #Manny connects, the crowd here cheers. Each time #Money connects, a gasp of shock. #MayPac #KayMannyKami 
Sun May 03 04:29:00 +0000 2015, @luisasistioiii, Mayweather is a cheater. Keeps pushing manny's head down. Good 4rth, 6th and 7th round for manny.  Mayweather ahead.  #SugodManny 
Sun May 03 04:29:00 +0000 2015, @NupeFiasYO, The flurries from Manny are entertaining but remember them points still gotta add up 
Sun May 03 04:29:00 +0000 2015, @DNAtheDreamer, Manny accuracy ain't right... He throwing more punches but Floyd landing more. 
Sun May 03 04:29:00 +0000 2015, @horcruxlarry, CMIN MANNY 
Sun May 03 04:29:00 +0000 2015, @JorjBulos, Utot ko nakikisabay sa suntok ni manny 
Sun May 03 04:29:00 +0000 2015, @nherylicup19, #NKKLK hahahahahahahahaha https://t.co/hVwjNGrhVy 
Sun May 03 04:29:00 +0000 2015, @radiphorical, I feel like this is rigged. Manny is obviously kicking ass and these judges are still for mayweather! Wtf is this! 
Sun May 03 04:29:00 +0000 2015, @s7ubs, Don't you just love haters who are watching boxing for the first time and just complain saying manny has won all the rounds? 
Sun May 03 04:29:24 +0000 2015, @RanFlygenring, #mayweather #vs #pacquiao #boxing #pacman #manny #live from#mgmgrand #lasvegas #teampacquiao https://t.co/HqUSzSlzbW 
Sun May 03 04:29:24 +0000 2015, @JayeDoe, jesus manny looks like shit 
Sun May 03 04:29:24 +0000 2015, @mariacleaa, @therealnorjenn Haha oo ngaaa kainis. Tapos ilang beses niya nang babaliin yung ulo ni Manny lewls  
Sun May 03 04:29:24 +0000 2015, @princessofnoo, jjajajajjjajajajajjajjjajajajajajajaja https://t.co/6veijwQPCd 
Sun May 03 04:29:24 +0000 2015, @Anton_djakarta, Gaya bertinju manny kayak Wongso Suseno, serudukannya kenceng bgt... 
Sun May 03 04:29:24 +0000 2015, @KhiezenOne09, manny gamitan mwu ng gazel punch at dempsi roll si mayweather naka suporta kami sau ;) #SugodManny ;) #GoManny ;) 
Sun May 03 04:29:24 +0000 2015, @MitchEn17, Go Manny! Manny for the win ... #teammanny 
Sun May 03 04:29:24 +0000 2015, @egaucin, Floy 9 Manny 10 iguanas ranas 
Sun May 03 04:29:24 +0000 2015, @judyrosee_, manny gets more hug than i do lol 
Sun May 03 04:29:24 +0000 2015, @tonee_xy, Waiter"@Aldexter: Waiting for Manny to Run out of Energy "@CLERGYY: Is may weather mad? What d hell is happening"" 
Sun May 03 04:29:24 +0000 2015, @CB904, After 7 rounds, Dan Rafael scores the fight 68-67 for Manny Pacquiao, with Floyd Mayweather winning the 7th round. http://t.co/VoGuJLC7f4 
Sun May 03 04:29:24 +0000 2015, @CeldrickC, @Malundoo nananalo ba si manny? 
Sun May 03 04:29:24 +0000 2015, @mrjongken, Manny pakibilisan ung laban may appointment pa ko sa dentista pls and thank you. 
Sun May 03 04:29:24 +0000 2015, @jainebata, Pano byan pati @elliegoulding Ellie kampi kay manny  
Sun May 03 04:29:24 +0000 2015, @OhThats_Gavin, This going to round 12 manny gotta drop Floyd if he wanna win 
Sun May 03 04:29:24 +0000 2015, @Mariahhshaw_, @AshleyNicolex33  https://t.co/WvHUIN8Pzs 
Sun May 03 04:29:25 +0000 2015, @miakkasiochi, GO MANNY!!!!!!! 
Sun May 03 04:29:25 +0000 2015, @Donnie0420, @lov_briana it's okay Manny still beatin that ass 
Sun May 03 04:29:40 +0000 2015, @JohnMoriarty92, Mayweather may be yo on the cards but manny is controlling everything #MannyPacquiao 
Sun May 03 04:29:40 +0000 2015, @SmittyXM, Mayweather has hugged Manny more times than my dad has hugged me my whole life HAHAHA 
Sun May 03 04:29:41 +0000 2015, @dizonnnnjul, Go manny!!!  
Sun May 03 04:29:41 +0000 2015, @IndonesiaRSS, Floyd Mayweather vs Manny Pacquiao Live Stream Has been Started http://t.co/suV1c4sq6i 
Sun May 03 04:29:41 +0000 2015, @captainimo, Manny  
Sun May 03 04:29:41 +0000 2015, @EmilioEsE, MANNY
MANNY
MANNY! 
Sun May 03 04:29:41 +0000 2015, @ancuuuuuuuu, wth nancy  https://t.co/jm3Qj1O015 
Sun May 03 04:29:41 +0000 2015, @Don_PalabrasHN,  https://t.co/thYe9Jlkup 
Sun May 03 04:29:41 +0000 2015, @KrizXReyes, Trust in Him, trust Manny #PacquiaoMayweather 
Sun May 03 04:29:41 +0000 2015, @mark_sergio, So Floyd is hugging/clinching Manny.  What did we really expect, gayweathers been dodging manny for years.  Now he feels how punches should 
Sun May 03 04:29:41 +0000 2015, @FocusNewsSports, Hmmmm... #MayPac #MayweatherPacquiao  https://t.co/fL3Tj5mo6d 
Sun May 03 04:29:41 +0000 2015, @dvwsz, Let's go Manny, do this #PacquiaoMayweather 
Sun May 03 04:29:41 +0000 2015, @Bigdickjimlol, Manny is tired now 
Sun May 03 04:29:41 +0000 2015, @1_Moonwalker_1, YASS @ MANNY'S POWER PUNCH YASS 
Sun May 03 04:29:41 +0000 2015, @racquiecruz1984, To God be the Glory Manny #GoManny #OneForPacman #PacquiaoMayweather @MannyPacquiao 
Sun May 03 04:29:41 +0000 2015, @gracee_madrigal, Dahil sa laban in Manny wala akong trabaho ngayon. Hahaha. Kainis! Pero Go Pacman pa rin #OneForPaman 
Sun May 03 04:29:41 +0000 2015, @Luk_Barbarie, Parece que Manny est demostrando ser de puro hierro. Cmo aguanta! 
Sun May 03 04:29:41 +0000 2015, @Waunooo, Gohdamn manny . Show me sumn now 
Sun May 03 04:29:41 +0000 2015, @engrmichaeldan, Work for it manny!!!! #MayPac 
Sun May 03 04:29:41 +0000 2015, @Biddle_, Manny came to fight, Mayweather came to win on points. #MayPac 
Sun May 03 04:29:53 +0000 2015, @dantepat, Todos apoyan a Manny Pacquiao porque no saben escribir Maigueder. 
Sun May 03 04:29:53 +0000 2015, @bootifulgame, G'wan Manny 
Sun May 03 04:29:53 +0000 2015, @_M_Dot_, @djxtreme1200 This is Mayweathers plan take Manny to the latest rounds and beat him there 
Sun May 03 04:29:53 +0000 2015, @sandralovee12, If manny had a longer reach he would've already knocked mayweathers ass out! 
Sun May 03 04:29:53 +0000 2015, @msjoytotheworld, So gay. Manny don't love you Hahaha why do you like hugging @MannyPacquiao? #OneForPacman 
Sun May 03 04:29:53 +0000 2015, @AleyahChauntice, "BEAT UP MANNY LIKE YOU BEAT UP YA GIRL"  
Sun May 03 04:29:53 +0000 2015, @DeclanB4063, This is all over Mayweather in a canter. Manny very disappointing
#MayPac 
Sun May 03 04:29:53 +0000 2015, @hugohdz04, Todos apoyan a Manny Pacquiao porque no saben escribir Maibueder. 
Sun May 03 04:29:53 +0000 2015, @TKnoles10, I got 5-3 Manny 
Sun May 03 04:29:53 +0000 2015, @ThapeIo, Round 8: Floyd 10-9 Manny #MayPac 
Sun May 03 04:29:53 +0000 2015, @Soulful_Appolos, Manny is talking the fight to Floyd 
Sun May 03 04:29:53 +0000 2015, @jctoots, Iron Fist of the Fire Dragon Manny! Dali! Hahaha 
Sun May 03 04:29:53 +0000 2015, @Pellzzzz, 5-3 slow for Manny lol http://t.co/sZkbIu1YlW 
Sun May 03 04:29:53 +0000 2015, @fluxioniall, @NiallOfficial is rooting for Manny Pacquiao. How sweet boy. #PacMan will win. I'm very very sure. x 
Sun May 03 04:29:53 +0000 2015, @gaaabquilloy, hoy manny!!! landiin mo si mayweather para mafall!!!!! biles! 
Sun May 03 04:29:53 +0000 2015, @renztaylor, Tass manny watching.. http://t.co/Ds0tYazeaw 
Sun May 03 04:29:53 +0000 2015, @agstarBK12, @SportsCenter @MannyPacquiao go Manny 
Sun May 03 04:29:53 +0000 2015, @tkbrackets, @mjdemarinis are you ringside? Cuz guys who are have Manny ahead 
Sun May 03 04:30:02 +0000 2015, @1GabrielEscobar, Round 8
Floyd 9 (76)-10 (76) Manny 
Sun May 03 04:30:02 +0000 2015, @SaucyChan, Im Not Racist , But Almost Every Mexican On TL Going For Manny .  
Sun May 03 04:30:02 +0000 2015, @errease, 6-2 Manny 
Sun May 03 04:30:02 +0000 2015, @muhby, @tyleroakley OMG TYLER I REALLY LOOKED FOR YOU, I DIDNT EVEN REALIZED YOU WERE RIGHT BESIDE MANNY  
Sun May 03 04:30:02 +0000 2015, @isuhbeluh_, manny knock his ass out !!! 
Sun May 03 04:30:02 +0000 2015, @santiago_oliver, Ganchos telegrafiados de Manny :/ # ms 
Sun May 03 04:30:02 +0000 2015, @Iam_Ash, Manny cld get it 
Sun May 03 04:30:02 +0000 2015, @mostwantedd_210, @RealLiamBolster "I'll do Manny Pacquiao"- Quincy Miller 
Sun May 03 04:30:02 +0000 2015, @itsMarielleeee, @elliegoulding Go Manny! #OneForPacman #FilipinoPride 
Sun May 03 04:30:02 +0000 2015, @zairenegail, I have a feeling na pinapagod niya si Manny but idk lol what do I know istg lol 
Sun May 03 04:30:02 +0000 2015, @aestheticstyIxs, KO MANNY PLS 
Sun May 03 04:30:02 +0000 2015, @KannahEnajj, "@imkerwinking: Mayweather, you need a Baymax. Not Manny." 
Sun May 03 04:30:02 +0000 2015, @SilPal7, vamooooooosss Manny !!! 
Sun May 03 04:30:02 +0000 2015, @chslyrys, Wag kang susuko Manny! 
Sun May 03 04:30:13 +0000 2015, @Mish_Phan_4ever, #MayPac Go Manny! kaya mo yan!!!! #Pacman 
Sun May 03 04:30:13 +0000 2015, @skjnsIrh, GO MANNY WOOO 
Sun May 03 04:30:13 +0000 2015, @il0veharry, YES MANNY U GOT THIS 
Sun May 03 04:30:13 +0000 2015, @_Alyyy, @ManongHugot: "SUKO NA AKO MANNY" - Mayweather HAHAHA 
Sun May 03 04:30:13 +0000 2015, @nialloppa_, @aIcoholicstyles di alam spelling ng manny tss ibalik yan sa elementary!!!! 
Sun May 03 04:30:13 +0000 2015, @lyzing12345, Ingon si Anton lain kuno ang BAYANG MAGILIW nilang May weather ! Ka Manny Paquiao nga BAYANG Magiliw maoy insakto ;) 
Sun May 03 04:30:13 +0000 2015, @_riverafrancois, "@AyyTangaLangDre: "SUKO NA AKO MANNY" - Mayweather" 
Sun May 03 04:30:13 +0000 2015, @DobiVron, Go Manny 
Sun May 03 04:30:13 +0000 2015, @LukeB4uleap, Shit is buffering and the only thing I saw was Floyd throw a punch so he can have a point #beinggenerous 5-3 Manny after 8 #Lukesscoring 
Sun May 03 04:30:13 +0000 2015, @leirenoah, Manny Pacquiao vs Fraud Mayweather.
#PacquiaoMayweather 
Sun May 03 04:30:13 +0000 2015, @MoveLikeGreyson, Just woke up lol heard the people shouting go manny pacquiao 
Sun May 03 04:30:13 +0000 2015, @HarryPyper16, How is manny playing catch up? 
Sun May 03 04:30:13 +0000 2015, @Mikayla_Prott, I fell in love today. His name is Manny and he is the cutest Mastiff you would ever see I have puppy fever 
Sun May 03 04:30:13 +0000 2015, @L_E_E_15, The Judges Score Card is 
Manny=67,Floyd=66 
Sun May 03 04:30:25 +0000 2015, @jeffrothechamp, 77-75 manny ... Mayweather round there 
Sun May 03 04:30:25 +0000 2015, @bsmith4136, http://t.co/eZLITdM4LM 
Sun May 03 04:30:24 +0000 2015, @Douvie_, Manny is behind by a lot 
Sun May 03 04:30:25 +0000 2015, @loveisthelesson, Seems so obvious: Mayweather wins split decision, everyone cries. "MANNY WAS ROBBED!" Boom: rematch. $$$$ #MayPac 
Sun May 03 04:30:25 +0000 2015, @iLovee_Youuuuu, ga dugo shoulder ni manny. o.o 
Sun May 03 04:30:25 +0000 2015, @lizasoberanudes, MANNY PACQUIAO STILL OWNING 
Sun May 03 04:30:25 +0000 2015, @Aujae_Dixon, Manny getting tired 
Sun May 03 04:30:24 +0000 2015, @BashBello, Round 8. Floyd waking up but Manny up to the task 
Sun May 03 04:30:25 +0000 2015, @fantaselu, HALA MAY POINT SYA https://t.co/6Qt6omfDAc 
Sun May 03 04:30:24 +0000 2015, @Hamizn, Mayweather has done jack shit. Been hugging manny every round 
Sun May 03 04:30:25 +0000 2015, @morelandj, 78-74 PBF. Manny standing in front of him for too long stretches. 
Sun May 03 04:30:25 +0000 2015, @catherinetania_, go manny 
Sun May 03 04:30:25 +0000 2015, @jesse_smith29, Manny you gotta go for it man... 
Sun May 03 04:30:25 +0000 2015, @Stuartm777, 5-3 manny 
Sun May 03 04:30:25 +0000 2015, @imIanPogi, What the FUCK. Manny is verrrrry dommmminnnaattting. 
Sun May 03 04:30:25 +0000 2015, @cecivargas_okc, Manny's smile is just awesome lol  #TeamPacman 
Sun May 03 04:30:25 +0000 2015, @SharonneMaliki1, come on manny 
Sun May 03 04:30:25 +0000 2015, @MajorKMusic, Manny is trying. Floyd just too fast, man. The step back defense is killing Manny's punch count... 

#MayPac 
Sun May 03 04:30:25 +0000 2015, @Isuckatpicking, @daryldsanders Force Manny to move. He makes to damn much money. 
Sun May 03 04:30:25 +0000 2015, @LukittasRomero, Grande manny 
Sun May 03 04:30:25 +0000 2015, @bluesparro1103, Come in Manny!!! @Theoakhotel01 @EddieBlack14 
Sun May 03 04:30:25 +0000 2015, @dangeelow, Manny could really PAC a punch 
Sun May 03 04:30:33 +0000 2015, @silvamatiaspm, #MayPacEnTVP Dale, Manny! http://t.co/dNxrYXzr54 
Sun May 03 04:30:33 +0000 2015, @itsmelhoii, Manny will win this !!  #MannyvsMayweather 
Sun May 03 04:30:34 +0000 2015, @sonjustdont_, @meatballing_ my gramps like, KNOCK HIM THE FUCK OUT MANNY 
Sun May 03 04:30:34 +0000 2015, @JugadorNu12, DALE MANNY DALE 
Sun May 03 04:30:34 +0000 2015, @em_andreaaa, SAME lol https://t.co/B3w3fI9PFR 
Sun May 03 04:30:34 +0000 2015, @EUDeportes, #MayPac | Termina el octavo episodio. Mayweather, de nuevo, asume un rol defensivo que le sirve para protegerse de Manny. 
Sun May 03 04:30:34 +0000 2015, @CHARITYUAI, @teowyj @Bukit13 oh man :( I hope the judges are fair. And by fair, I mean Manny wins. 
Sun May 03 04:30:34 +0000 2015, @jaaaaaaaaaaii, @GuitarmanDan Dan, hug me like Mayweather hugs Manny xx 
Sun May 03 04:30:34 +0000 2015, @mchelanne, AKO LANG ATA HINDI NANONOOD NG LABAN NI MANNY  
Sun May 03 04:30:34 +0000 2015, @physicssuck911, Nice hits manny 
Sun May 03 04:30:34 +0000 2015, @YoshitmitsuT, Panalo na si Manny :3 
Sun May 03 04:30:34 +0000 2015, @cuz888, 10-9 Mayweather. Mayweather fighting smart to keep range. Manny needs to be patient to cut it off and work back in. Footwork is key #MayPac 
Sun May 03 04:30:34 +0000 2015, @ibugyellow, Mamunluk mi+ manny + mayweather = indigestion 
Sun May 03 04:30:34 +0000 2015, @HeyConnorHey, Manny should be winning. 
Sun May 03 04:30:34 +0000 2015, @cdaha86, @waz24wb 6-2 floyd manny needs a ko 
Sun May 03 04:30:34 +0000 2015, @SIMONGATES_, Mayweather has pissed it manny needs a knockout 
